ID,X1,X2,X3,X4,X5,X6,X7,X8
0,0.98,514.5,294.0,110.25,7.0,2,0.0,0
1,0.98,514.5,294.0,110.25,7.0,3,0.0,0
2,0.98,514.5,294.0,110.25,7.0,4,0.0,0
3,0.98,514.5,294.0,110.25,7.0,5,0.0,0
4,0.9,563.5,318.5,122.5,7.0,2,0.0,0
5,0.9,563.5,318.5,122.5,7.0,3,0.0,0
6,0.9,563.5,318.5,122.5,7.0,4,0.0,0
7,0.9,563.5,318.5,122.5,7.0,5,0.0,0
8,0.86,588.0,294.0,147.0,7.0,2,0.0,0
9,0.86,588.0,294.0,147.0,7.0,3,0.0,0
10,0.86,588.0,294.0,147.0,7.0,4,0.0,0
11,0.86,588.0,294.0,147.0,7.0,5,0.0,0
12,0.82,612.5,318.5,147.0,7.0,2,0.0,0
13,0.82,612.5,318.5,147.0,7.0,3,0.0,0
14,0.82,612.5,318.5,147.0,7.0,4,0.0,0
15,0.82,612.5,318.5,147.0,7.0,5,0.0,0
16,0.79,637.0,343.0,147.0,7.0,2,0.0,0
17,0.79,637.0,343.0,147.0,7.0,3,0.0,0
18,0.79,637.0,343.0,147.0,7.0,4,0.0,0
19,0.79,637.0,343.0,147.0,7.0,5,0.0,0
20,0.76,661.5,416.5,122.5,7.0,2,0.0,0
21,0.76,661.5,416.5,122.5,7.0,3,0.0,0
22,0.76,661.5,416.5,122.5,7.0,4,0.0,0
23,0.76,661.5,416.5,122.5,7.0,5,0.0,0
24,0.74,686.0,245.0,220.5,3.5,2,0.0,0
25,0.74,686.0,245.0,220.5,3.5,3,0.0,0
26,0.74,686.0,245.0,220.5,3.5,4,0.0,0
27,0.74,686.0,245.0,220.5,3.5,5,0.0,0
28,0.71,710.5,269.5,220.5,3.5,2,0.0,0
29,0.71,710.5,269.5,220.5,3.5,3,0.0,0
30,0.71,710.5,269.5,220.5,3.5,4,0.0,0
31,0.71,710.5,269.5,220.5,3.5,5,0.0,0
32,0.69,735.0,294.0,220.5,3.5,2,0.0,0
33,0.69,735.0,294.0,220.5,3.5,3,0.0,0
34,0.69,735.0,294.0,220.5,3.5,4,0.0,0
35,0.69,735.0,294.0,220.5,3.5,5,0.0,0
36,0.66,759.5,318.5,220.5,3.5,2,0.0,0
37,0.66,759.5,318.5,220.5,3.5,3,0.0,0
38,0.66,759.5,318.5,220.5,3.5,4,0.0,0
39,0.66,759.5,318.5,220.5,3.5,5,0.0,0
40,0.64,784.0,343.0,220.5,3.5,2,0.0,0
41,0.64,784.0,343.0,220.5,3.5,3,0.0,0
42,0.64,784.0,343.0,220.5,3.5,4,0.0,0
43,0.64,784.0,343.0,220.5,3.5,5,0.0,0
44,0.62,808.5,367.5,220.5,3.5,2,0.0,0
45,0.62,808.5,367.5,220.5,3.5,3,0.0,0
46,0.62,808.5,367.5,220.5,3.5,4,0.0,0
47,0.62,808.5,367.5,220.5,3.5,5,0.0,0
48,0.98,514.5,294.0,110.25,7.0,2,0.1,1
49,0.98,514.5,294.0,110.25,7.0,3,0.1,1
50,0.98,514.5,294.0,110.25,7.0,4,0.1,1
51,0.98,514.5,294.0,110.25,7.0,5,0.1,1
52,0.9,563.5,318.5,122.5,7.0,2,0.1,1
53,0.9,563.5,318.5,122.5,7.0,3,0.1,1
54,0.9,563.5,318.5,122.5,7.0,4,0.1,1
55,0.9,563.5,318.5,122.5,7.0,5,0.1,1
56,0.86,588.0,294.0,147.0,7.0,2,0.1,1
57,0.86,588.0,294.0,147.0,7.0,3,0.1,1
58,0.86,588.0,294.0,147.0,7.0,4,0.1,1
59,0.86,588.0,294.0,147.0,7.0,5,0.1,1
60,0.82,612.5,318.5,147.0,7.0,2,0.1,1
61,0.82,612.5,318.5,147.0,7.0,3,0.1,1
62,0.82,612.5,318.5,147.0,7.0,4,0.1,1
63,0.82,612.5,318.5,147.0,7.0,5,0.1,1
64,0.79,637.0,343.0,147.0,7.0,2,0.1,1
65,0.79,637.0,343.0,147.0,7.0,3,0.1,1
66,0.79,637.0,343.0,147.0,7.0,4,0.1,1
67,0.79,637.0,343.0,147.0,7.0,5,0.1,1
68,0.76,661.5,416.5,122.5,7.0,2,0.1,1
69,0.76,661.5,416.5,122.5,7.0,3,0.1,1
70,0.76,661.5,416.5,122.5,7.0,4,0.1,1
71,0.76,661.5,416.5,122.5,7.0,5,0.1,1
72,0.74,686.0,245.0,220.5,3.5,2,0.1,1
73,0.74,686.0,245.0,220.5,3.5,3,0.1,1
74,0.74,686.0,245.0,220.5,3.5,4,0.1,1
75,0.74,686.0,245.0,220.5,3.5,5,0.1,1
76,0.71,710.5,269.5,220.5,3.5,2,0.1,1
77,0.71,710.5,269.5,220.5,3.5,3,0.1,1
78,0.71,710.5,269.5,220.5,3.5,4,0.1,1
79,0.71,710.5,269.5,220.5,3.5,5,0.1,1
80,0.69,735.0,294.0,220.5,3.5,2,0.1,1
81,0.69,735.0,294.0,220.5,3.5,3,0.1,1
82,0.69,735.0,294.0,220.5,3.5,4,0.1,1
83,0.69,735.0,294.0,220.5,3.5,5,0.1,1
84,0.66,759.5,318.5,220.5,3.5,2,0.1,1
85,0.66,759.5,318.5,220.5,3.5,3,0.1,1
86,0.66,759.5,318.5,220.5,3.5,4,0.1,1
87,0.66,759.5,318.5,220.5,3.5,5,0.1,1
88,0.64,784.0,343.0,220.5,3.5,2,0.1,1
89,0.64,784.0,343.0,220.5,3.5,3,0.1,1
90,0.64,784.0,343.0,220.5,3.5,4,0.1,1
91,0.64,784.0,343.0,220.5,3.5,5,0.1,1
92,0.62,808.5,367.5,220.5,3.5,2,0.1,1
93,0.62,808.5,367.5,220.5,3.5,3,0.1,1
94,0.62,808.5,367.5,220.5,3.5,4,0.1,1
95,0.62,808.5,367.5,220.5,3.5,5,0.1,1
96,0.98,514.5,294.0,110.25,7.0,2,0.1,2
97,0.98,514.5,294.0,110.25,7.0,3,0.1,2
98,0.98,514.5,294.0,110.25,7.0,4,0.1,2
99,0.98,514.5,294.0,110.25,7.0,5,0.1,2
100,0.9,563.5,318.5,122.5,7.0,2,0.1,2
101,0.9,563.5,318.5,122.5,7.0,3,0.1,2
102,0.9,563.5,318.5,122.5,7.0,4,0.1,2
103,0.9,563.5,318.5,122.5,7.0,5,0.1,2
104,0.86,588.0,294.0,147.0,7.0,2,0.1,2
105,0.86,588.0,294.0,147.0,7.0,3,0.1,2
106,0.86,588.0,294.0,147.0,7.0,4,0.1,2
107,0.86,588.0,294.0,147.0,7.0,5,0.1,2
108,0.82,612.5,318.5,147.0,7.0,2,0.1,2
109,0.82,612.5,318.5,147.0,7.0,3,0.1,2
110,0.82,612.5,318.5,147.0,7.0,4,0.1,2
111,0.82,612.5,318.5,147.0,7.0,5,0.1,2
112,0.79,637.0,343.0,147.0,7.0,2,0.1,2
113,0.79,637.0,343.0,147.0,7.0,3,0.1,2
114,0.79,637.0,343.0,147.0,7.0,4,0.1,2
115,0.79,637.0,343.0,147.0,7.0,5,0.1,2
116,0.76,661.5,416.5,122.5,7.0,2,0.1,2
117,0.76,661.5,416.5,122.5,7.0,3,0.1,2
118,0.76,661.5,416.5,122.5,7.0,4,0.1,2
119,0.76,661.5,416.5,122.5,7.0,5,0.1,2
120,0.74,686.0,245.0,220.5,3.5,2,0.1,2
121,0.74,686.0,245.0,220.5,3.5,3,0.1,2
122,0.74,686.0,245.0,220.5,3.5,4,0.1,2
123,0.74,686.0,245.0,220.5,3.5,5,0.1,2
124,0.71,710.5,269.5,220.5,3.5,2,0.1,2
125,0.71,710.5,269.5,220.5,3.5,3,0.1,2
126,0.71,710.5,269.5,220.5,3.5,4,0.1,2
127,0.71,710.5,269.5,220.5,3.5,5,0.1,2
128,0.69,735.0,294.0,220.5,3.5,2,0.1,2
129,0.69,735.0,294.0,220.5,3.5,3,0.1,2
130,0.69,735.0,294.0,220.5,3.5,4,0.1,2
131,0.69,735.0,294.0,220.5,3.5,5,0.1,2
132,0.66,759.5,318.5,220.5,3.5,2,0.1,2
133,0.66,759.5,318.5,220.5,3.5,3,0.1,2
134,0.66,759.5,318.5,220.5,3.5,4,0.1,2
135,0.66,759.5,318.5,220.5,3.5,5,0.1,2
136,0.64,784.0,343.0,220.5,3.5,2,0.1,2
137,0.64,784.0,343.0,220.5,3.5,3,0.1,2
138,0.64,784.0,343.0,220.5,3.5,4,0.1,2
139,0.64,784.0,343.0,220.5,3.5,5,0.1,2
140,0.62,808.5,367.5,220.5,3.5,2,0.1,2
141,0.62,808.5,367.5,220.5,3.5,3,0.1,2
142,0.62,808.5,367.5,220.5,3.5,4,0.1,2
143,0.62,808.5,367.5,220.5,3.5,5,0.1,2
144,0.98,514.5,294.0,110.25,7.0,2,0.1,3
145,0.98,514.5,294.0,110.25,7.0,3,0.1,3
146,0.98,514.5,294.0,110.25,7.0,4,0.1,3
147,0.98,514.5,294.0,110.25,7.0,5,0.1,3
148,0.9,563.5,318.5,122.5,7.0,2,0.1,3
149,0.9,563.5,318.5,122.5,7.0,3,0.1,3
150,0.9,563.5,318.5,122.5,7.0,4,0.1,3
151,0.9,563.5,318.5,122.5,7.0,5,0.1,3
152,0.86,588.0,294.0,147.0,7.0,2,0.1,3
153,0.86,588.0,294.0,147.0,7.0,3,0.1,3
154,0.86,588.0,294.0,147.0,7.0,4,0.1,3
155,0.86,588.0,294.0,147.0,7.0,5,0.1,3
156,0.82,612.5,318.5,147.0,7.0,2,0.1,3
157,0.82,612.5,318.5,147.0,7.0,3,0.1,3
158,0.82,612.5,318.5,147.0,7.0,4,0.1,3
159,0.82,612.5,318.5,147.0,7.0,5,0.1,3
160,0.79,637.0,343.0,147.0,7.0,2,0.1,3
161,0.79,637.0,343.0,147.0,7.0,3,0.1,3
162,0.79,637.0,343.0,147.0,7.0,4,0.1,3
163,0.79,637.0,343.0,147.0,7.0,5,0.1,3
164,0.76,661.5,416.5,122.5,7.0,2,0.1,3
165,0.76,661.5,416.5,122.5,7.0,3,0.1,3
166,0.76,661.5,416.5,122.5,7.0,4,0.1,3
167,0.76,661.5,416.5,122.5,7.0,5,0.1,3
168,0.74,686.0,245.0,220.5,3.5,2,0.1,3
169,0.74,686.0,245.0,220.5,3.5,3,0.1,3
170,0.74,686.0,245.0,220.5,3.5,4,0.1,3
171,0.74,686.0,245.0,220.5,3.5,5,0.1,3
172,0.71,710.5,269.5,220.5,3.5,2,0.1,3
173,0.71,710.5,269.5,220.5,3.5,3,0.1,3
174,0.71,710.5,269.5,220.5,3.5,4,0.1,3
175,0.71,710.5,269.5,220.5,3.5,5,0.1,3
176,0.69,735.0,294.0,220.5,3.5,2,0.1,3
177,0.69,735.0,294.0,220.5,3.5,3,0.1,3
178,0.69,735.0,294.0,220.5,3.5,4,0.1,3
179,0.69,735.0,294.0,220.5,3.5,5,0.1,3
180,0.66,759.5,318.5,220.5,3.5,2,0.1,3
181,0.66,759.5,318.5,220.5,3.5,3,0.1,3
182,0.66,759.5,318.5,220.5,3.5,4,0.1,3
183,0.66,759.5,318.5,220.5,3.5,5,0.1,3
184,0.64,784.0,343.0,220.5,3.5,2,0.1,3
185,0.64,784.0,343.0,220.5,3.5,3,0.1,3
186,0.64,784.0,343.0,220.5,3.5,4,0.1,3
187,0.64,784.0,343.0,220.5,3.5,5,0.1,3
188,0.62,808.5,367.5,220.5,3.5,2,0.1,3
189,0.62,808.5,367.5,220.5,3.5,3,0.1,3
190,0.62,808.5,367.5,220.5,3.5,4,0.1,3
191,0.62,808.5,367.5,220.5,3.5,5,0.1,3
192,0.98,514.5,294.0,110.25,7.0,2,0.1,4
193,0.98,514.5,294.0,110.25,7.0,3,0.1,4
194,0.98,514.5,294.0,110.25,7.0,4,0.1,4
195,0.98,514.5,294.0,110.25,7.0,5,0.1,4
196,0.9,563.5,318.5,122.5,7.0,2,0.1,4
197,0.9,563.5,318.5,122.5,7.0,3,0.1,4
198,0.9,563.5,318.5,122.5,7.0,4,0.1,4
199,0.9,563.5,318.5,122.5,7.0,5,0.1,4
200,0.86,588.0,294.0,147.0,7.0,2,0.1,4
201,0.86,588.0,294.0,147.0,7.0,3,0.1,4
202,0.86,588.0,294.0,147.0,7.0,4,0.1,4
203,0.86,588.0,294.0,147.0,7.0,5,0.1,4
204,0.82,612.5,318.5,147.0,7.0,2,0.1,4
205,0.82,612.5,318.5,147.0,7.0,3,0.1,4
206,0.82,612.5,318.5,147.0,7.0,4,0.1,4
207,0.82,612.5,318.5,147.0,7.0,5,0.1,4
208,0.79,637.0,343.0,147.0,7.0,2,0.1,4
209,0.79,637.0,343.0,147.0,7.0,3,0.1,4
210,0.79,637.0,343.0,147.0,7.0,4,0.1,4
211,0.79,637.0,343.0,147.0,7.0,5,0.1,4
212,0.76,661.5,416.5,122.5,7.0,2,0.1,4
213,0.76,661.5,416.5,122.5,7.0,3,0.1,4
214,0.76,661.5,416.5,122.5,7.0,4,0.1,4
215,0.76,661.5,416.5,122.5,7.0,5,0.1,4
216,0.74,686.0,245.0,220.5,3.5,2,0.1,4
217,0.74,686.0,245.0,220.5,3.5,3,0.1,4
218,0.74,686.0,245.0,220.5,3.5,4,0.1,4
219,0.74,686.0,245.0,220.5,3.5,5,0.1,4
220,0.71,710.5,269.5,220.5,3.5,2,0.1,4
221,0.71,710.5,269.5,220.5,3.5,3,0.1,4
222,0.71,710.5,269.5,220.5,3.5,4,0.1,4
223,0.71,710.5,269.5,220.5,3.5,5,0.1,4
224,0.69,735.0,294.0,220.5,3.5,2,0.1,4
225,0.69,735.0,294.0,220.5,3.5,3,0.1,4
226,0.69,735.0,294.0,220.5,3.5,4,0.1,4
227,0.69,735.0,294.0,220.5,3.5,5,0.1,4
228,0.66,759.5,318.5,220.5,3.5,2,0.1,4
229,0.66,759.5,318.5,220.5,3.5,3,0.1,4
230,0.66,759.5,318.5,220.5,3.5,4,0.1,4
231,0.66,759.5,318.5,220.5,3.5,5,0.1,4
232,0.64,784.0,343.0,220.5,3.5,2,0.1,4
233,0.64,784.0,343.0,220.5,3.5,3,0.1,4
234,0.64,784.0,343.0,220.5,3.5,4,0.1,4
235,0.64,784.0,343.0,220.5,3.5,5,0.1,4
236,0.62,808.5,367.5,220.5,3.5,2,0.1,4
237,0.62,808.5,367.5,220.5,3.5,3,0.1,4
238,0.62,808.5,367.5,220.5,3.5,4,0.1,4
239,0.62,808.5,367.5,220.5,3.5,5,0.1,4
240,0.98,514.5,294.0,110.25,7.0,2,0.1,5
241,0.98,514.5,294.0,110.25,7.0,3,0.1,5
242,0.98,514.5,294.0,110.25,7.0,4,0.1,5
243,0.98,514.5,294.0,110.25,7.0,5,0.1,5
244,0.9,563.5,318.5,122.5,7.0,2,0.1,5
245,0.9,563.5,318.5,122.5,7.0,3,0.1,5
246,0.9,563.5,318.5,122.5,7.0,4,0.1,5
247,0.9,563.5,318.5,122.5,7.0,5,0.1,5
248,0.86,588.0,294.0,147.0,7.0,2,0.1,5
249,0.86,588.0,294.0,147.0,7.0,3,0.1,5
250,0.86,588.0,294.0,147.0,7.0,4,0.1,5
251,0.86,588.0,294.0,147.0,7.0,5,0.1,5
252,0.82,612.5,318.5,147.0,7.0,2,0.1,5
253,0.82,612.5,318.5,147.0,7.0,3,0.1,5
254,0.82,612.5,318.5,147.0,7.0,4,0.1,5
255,0.82,612.5,318.5,147.0,7.0,5,0.1,5
256,0.79,637.0,343.0,147.0,7.0,2,0.1,5
257,0.79,637.0,343.0,147.0,7.0,3,0.1,5
258,0.79,637.0,343.0,147.0,7.0,4,0.1,5
259,0.79,637.0,343.0,147.0,7.0,5,0.1,5
260,0.76,661.5,416.5,122.5,7.0,2,0.1,5
261,0.76,661.5,416.5,122.5,7.0,3,0.1,5
262,0.76,661.5,416.5,122.5,7.0,4,0.1,5
263,0.76,661.5,416.5,122.5,7.0,5,0.1,5
264,0.74,686.0,245.0,220.5,3.5,2,0.1,5
265,0.74,686.0,245.0,220.5,3.5,3,0.1,5
266,0.74,686.0,245.0,220.5,3.5,4,0.1,5
267,0.74,686.0,245.0,220.5,3.5,5,0.1,5
268,0.71,710.5,269.5,220.5,3.5,2,0.1,5
269,0.71,710.5,269.5,220.5,3.5,3,0.1,5
270,0.71,710.5,269.5,220.5,3.5,4,0.1,5
271,0.71,710.5,269.5,220.5,3.5,5,0.1,5
272,0.69,735.0,294.0,220.5,3.5,2,0.1,5
273,0.69,735.0,294.0,220.5,3.5,3,0.1,5
274,0.69,735.0,294.0,220.5,3.5,4,0.1,5
275,0.69,735.0,294.0,220.5,3.5,5,0.1,5
276,0.66,759.5,318.5,220.5,3.5,2,0.1,5
277,0.66,759.5,318.5,220.5,3.5,3,0.1,5
278,0.66,759.5,318.5,220.5,3.5,4,0.1,5
279,0.66,759.5,318.5,220.5,3.5,5,0.1,5
280,0.64,784.0,343.0,220.5,3.5,2,0.1,5
281,0.64,784.0,343.0,220.5,3.5,3,0.1,5
282,0.64,784.0,343.0,220.5,3.5,4,0.1,5
283,0.64,784.0,343.0,220.5,3.5,5,0.1,5
284,0.62,808.5,367.5,220.5,3.5,2,0.1,5
285,0.62,808.5,367.5,220.5,3.5,3,0.1,5
286,0.62,808.5,367.5,220.5,3.5,4,0.1,5
287,0.62,808.5,367.5,220.5,3.5,5,0.1,5
288,0.98,514.5,294.0,110.25,7.0,2,0.25,1
289,0.98,514.5,294.0,110.25,7.0,3,0.25,1
290,0.98,514.5,294.0,110.25,7.0,4,0.25,1
291,0.98,514.5,294.0,110.25,7.0,5,0.25,1
292,0.9,563.5,318.5,122.5,7.0,2,0.25,1
293,0.9,563.5,318.5,122.5,7.0,3,0.25,1
294,0.9,563.5,318.5,122.5,7.0,4,0.25,1
295,0.9,563.5,318.5,122.5,7.0,5,0.25,1
296,0.86,588.0,294.0,147.0,7.0,2,0.25,1
297,0.86,588.0,294.0,147.0,7.0,3,0.25,1
298,0.86,588.0,294.0,147.0,7.0,4,0.25,1
299,0.86,588.0,294.0,147.0,7.0,5,0.25,1
300,0.82,612.5,318.5,147.0,7.0,2,0.25,1
301,0.82,612.5,318.5,147.0,7.0,3,0.25,1
302,0.82,612.5,318.5,147.0,7.0,4,0.25,1
303,0.82,612.5,318.5,147.0,7.0,5,0.25,1
304,0.79,637.0,343.0,147.0,7.0,2,0.25,1
305,0.79,637.0,343.0,147.0,7.0,3,0.25,1
306,0.79,637.0,343.0,147.0,7.0,4,0.25,1
307,0.79,637.0,343.0,147.0,7.0,5,0.25,1
308,0.76,661.5,416.5,122.5,7.0,2,0.25,1
309,0.76,661.5,416.5,122.5,7.0,3,0.25,1
310,0.76,661.5,416.5,122.5,7.0,4,0.25,1
311,0.76,661.5,416.5,122.5,7.0,5,0.25,1
312,0.74,686.0,245.0,220.5,3.5,2,0.25,1
313,0.74,686.0,245.0,220.5,3.5,3,0.25,1
314,0.74,686.0,245.0,220.5,3.5,4,0.25,1
315,0.74,686.0,245.0,220.5,3.5,5,0.25,1
316,0.71,710.5,269.5,220.5,3.5,2,0.25,1
317,0.71,710.5,269.5,220.5,3.5,3,0.25,1
318,0.71,710.5,269.5,220.5,3.5,4,0.25,1
319,0.71,710.5,269.5,220.5,3.5,5,0.25,1
320,0.69,735.0,294.0,220.5,3.5,2,0.25,1
321,0.69,735.0,294.0,220.5,3.5,3,0.25,1
322,0.69,735.0,294.0,220.5,3.5,4,0.25,1
323,0.69,735.0,294.0,220.5,3.5,5,0.25,1
324,0.66,759.5,318.5,220.5,3.5,2,0.25,1
325,0.66,759.5,318.5,220.5,3.5,3,0.25,1
326,0.66,759.5,318.5,220.5,3.5,4,0.25,1
327,0.66,759.5,318.5,220.5,3.5,5,0.25,1
328,0.64,784.0,343.0,220.5,3.5,2,0.25,1
329,0.64,784.0,343.0,220.5,3.5,3,0.25,1
330,0.64,784.0,343.0,220.5,3.5,4,0.25,1
331,0.64,784.0,343.0,220.5,3.5,5,0.25,1
332,0.62,808.5,367.5,220.5,3.5,2,0.25,1
333,0.62,808.5,367.5,220.5,3.5,3,0.25,1
334,0.62,808.5,367.5,220.5,3.5,4,0.25,1
335,0.62,808.5,367.5,220.5,3.5,5,0.25,1
336,0.98,514.5,294.0,110.25,7.0,2,0.25,2
337,0.98,514.5,294.0,110.25,7.0,3,0.25,2
338,0.98,514.5,294.0,110.25,7.0,4,0.25,2
339,0.98,514.5,294.0,110.25,7.0,5,0.25,2
340,0.9,563.5,318.5,122.5,7.0,2,0.25,2
341,0.9,563.5,318.5,122.5,7.0,3,0.25,2
342,0.9,563.5,318.5,122.5,7.0,4,0.25,2
343,0.9,563.5,318.5,122.5,7.0,5,0.25,2
344,0.86,588.0,294.0,147.0,7.0,2,0.25,2
345,0.86,588.0,294.0,147.0,7.0,3,0.25,2
346,0.86,588.0,294.0,147.0,7.0,4,0.25,2
347,0.86,588.0,294.0,147.0,7.0,5,0.25,2
348,0.82,612.5,318.5,147.0,7.0,2,0.25,2
349,0.82,612.5,318.5,147.0,7.0,3,0.25,2
350,0.82,612.5,318.5,147.0,7.0,4,0.25,2
351,0.82,612.5,318.5,147.0,7.0,5,0.25,2
352,0.79,637.0,343.0,147.0,7.0,2,0.25,2
353,0.79,637.0,343.0,147.0,7.0,3,0.25,2
354,0.79,637.0,343.0,147.0,7.0,4,0.25,2
355,0.79,637.0,343.0,147.0,7.0,5,0.25,2
356,0.76,661.5,416.5,122.5,7.0,2,0.25,2
357,0.76,661.5,416.5,122.5,7.0,3,0.25,2
358,0.76,661.5,416.5,122.5,7.0,4,0.25,2
359,0.76,661.5,416.5,122.5,7.0,5,0.25,2
360,0.74,686.0,245.0,220.5,3.5,2,0.25,2
361,0.74,686.0,245.0,220.5,3.5,3,0.25,2
362,0.74,686.0,245.0,220.5,3.5,4,0.25,2
363,0.74,686.0,245.0,220.5,3.5,5,0.25,2
364,0.71,710.5,269.5,220.5,3.5,2,0.25,2
365,0.71,710.5,269.5,220.5,3.5,3,0.25,2
366,0.71,710.5,269.5,220.5,3.5,4,0.25,2
367,0.71,710.5,269.5,220.5,3.5,5,0.25,2
368,0.69,735.0,294.0,220.5,3.5,2,0.25,2
369,0.69,735.0,294.0,220.5,3.5,3,0.25,2
370,0.69,735.0,294.0,220.5,3.5,4,0.25,2
371,0.69,735.0,294.0,220.5,3.5,5,0.25,2
372,0.66,759.5,318.5,220.5,3.5,2,0.25,2
373,0.66,759.5,318.5,220.5,3.5,3,0.25,2
374,0.66,759.5,318.5,220.5,3.5,4,0.25,2
375,0.66,759.5,318.5,220.5,3.5,5,0.25,2
376,0.64,784.0,343.0,220.5,3.5,2,0.25,2
377,0.64,784.0,343.0,220.5,3.5,3,0.25,2
378,0.64,784.0,343.0,220.5,3.5,4,0.25,2
379,0.64,784.0,343.0,220.5,3.5,5,0.25,2
380,0.62,808.5,367.5,220.5,3.5,2,0.25,2
381,0.62,808.5,367.5,220.5,3.5,3,0.25,2
382,0.62,808.5,367.5,220.5,3.5,4,0.25,2
383,0.62,808.5,367.5,220.5,3.5,5,0.25,2
384,0.98,514.5,294.0,110.25,7.0,2,0.25,3
385,0.98,514.5,294.0,110.25,7.0,3,0.25,3
386,0.98,514.5,294.0,110.25,7.0,4,0.25,3
387,0.98,514.5,294.0,110.25,7.0,5,0.25,3
388,0.9,563.5,318.5,122.5,7.0,2,0.25,3
389,0.9,563.5,318.5,122.5,7.0,3,0.25,3
390,0.9,563.5,318.5,122.5,7.0,4,0.25,3
391,0.9,563.5,318.5,122.5,7.0,5,0.25,3
392,0.86,588.0,294.0,147.0,7.0,2,0.25,3
393,0.86,588.0,294.0,147.0,7.0,3,0.25,3
394,0.86,588.0,294.0,147.0,7.0,4,0.25,3
395,0.86,588.0,294.0,147.0,7.0,5,0.25,3
396,0.82,612.5,318.5,147.0,7.0,2,0.25,3
397,0.82,612.5,318.5,147.0,7.0,3,0.25,3
398,0.82,612.5,318.5,147.0,7.0,4,0.25,3
399,0.82,612.5,318.5,147.0,7.0,5,0.25,3
400,0.79,637.0,343.0,147.0,7.0,2,0.25,3
401,0.79,637.0,343.0,147.0,7.0,3,0.25,3
402,0.79,637.0,343.0,147.0,7.0,4,0.25,3
403,0.79,637.0,343.0,147.0,7.0,5,0.25,3
404,0.76,661.5,416.5,122.5,7.0,2,0.25,3
405,0.76,661.5,416.5,122.5,7.0,3,0.25,3
406,0.76,661.5,416.5,122.5,7.0,4,0.25,3
407,0.76,661.5,416.5,122.5,7.0,5,0.25,3
408,0.74,686.0,245.0,220.5,3.5,2,0.25,3
409,0.74,686.0,245.0,220.5,3.5,3,0.25,3
410,0.74,686.0,245.0,220.5,3.5,4,0.25,3
411,0.74,686.0,245.0,220.5,3.5,5,0.25,3
412,0.71,710.5,269.5,220.5,3.5,2,0.25,3
413,0.71,710.5,269.5,220.5,3.5,3,0.25,3
414,0.71,710.5,269.5,220.5,3.5,4,0.25,3
415,0.71,710.5,269.5,220.5,3.5,5,0.25,3
416,0.69,735.0,294.0,220.5,3.5,2,0.25,3
417,0.69,735.0,294.0,220.5,3.5,3,0.25,3
418,0.69,735.0,294.0,220.5,3.5,4,0.25,3
419,0.69,735.0,294.0,220.5,3.5,5,0.25,3
420,0.66,759.5,318.5,220.5,3.5,2,0.25,3
421,0.66,759.5,318.5,220.5,3.5,3,0.25,3
422,0.66,759.5,318.5,220.5,3.5,4,0.25,3
423,0.66,759.5,318.5,220.5,3.5,5,0.25,3
424,0.64,784.0,343.0,220.5,3.5,2,0.25,3
425,0.64,784.0,343.0,220.5,3.5,3,0.25,3
426,0.64,784.0,343.0,220.5,3.5,4,0.25,3
427,0.64,784.0,343.0,220.5,3.5,5,0.25,3
428,0.62,808.5,367.5,220.5,3.5,2,0.25,3
429,0.62,808.5,367.5,220.5,3.5,3,0.25,3
430,0.62,808.5,367.5,220.5,3.5,4,0.25,3
431,0.62,808.5,367.5,220.5,3.5,5,0.25,3
432,0.98,514.5,294.0,110.25,7.0,2,0.25,4
433,0.98,514.5,294.0,110.25,7.0,3,0.25,4
434,0.98,514.5,294.0,110.25,7.0,4,0.25,4
435,0.98,514.5,294.0,110.25,7.0,5,0.25,4
436,0.9,563.5,318.5,122.5,7.0,2,0.25,4
437,0.9,563.5,318.5,122.5,7.0,3,0.25,4
438,0.9,563.5,318.5,122.5,7.0,4,0.25,4
439,0.9,563.5,318.5,122.5,7.0,5,0.25,4
440,0.86,588.0,294.0,147.0,7.0,2,0.25,4
441,0.86,588.0,294.0,147.0,7.0,3,0.25,4
442,0.86,588.0,294.0,147.0,7.0,4,0.25,4
443,0.86,588.0,294.0,147.0,7.0,5,0.25,4
444,0.82,612.5,318.5,147.0,7.0,2,0.25,4
445,0.82,612.5,318.5,147.0,7.0,3,0.25,4
446,0.82,612.5,318.5,147.0,7.0,4,0.25,4
447,0.82,612.5,318.5,147.0,7.0,5,0.25,4
448,0.79,637.0,343.0,147.0,7.0,2,0.25,4
449,0.79,637.0,343.0,147.0,7.0,3,0.25,4
450,0.79,637.0,343.0,147.0,7.0,4,0.25,4
451,0.79,637.0,343.0,147.0,7.0,5,0.25,4
452,0.76,661.5,416.5,122.5,7.0,2,0.25,4
453,0.76,661.5,416.5,122.5,7.0,3,0.25,4
454,0.76,661.5,416.5,122.5,7.0,4,0.25,4
455,0.76,661.5,416.5,122.5,7.0,5,0.25,4
456,0.74,686.0,245.0,220.5,3.5,2,0.25,4
457,0.74,686.0,245.0,220.5,3.5,3,0.25,4
458,0.74,686.0,245.0,220.5,3.5,4,0.25,4
459,0.74,686.0,245.0,220.5,3.5,5,0.25,4
460,0.71,710.5,269.5,220.5,3.5,2,0.25,4
461,0.71,710.5,269.5,220.5,3.5,3,0.25,4
462,0.71,710.5,269.5,220.5,3.5,4,0.25,4
463,0.71,710.5,269.5,220.5,3.5,5,0.25,4
464,0.69,735.0,294.0,220.5,3.5,2,0.25,4
465,0.69,735.0,294.0,220.5,3.5,3,0.25,4
466,0.69,735.0,294.0,220.5,3.5,4,0.25,4
467,0.69,735.0,294.0,220.5,3.5,5,0.25,4
468,0.66,759.5,318.5,220.5,3.5,2,0.25,4
469,0.66,759.5,318.5,220.5,3.5,3,0.25,4
470,0.66,759.5,318.5,220.5,3.5,4,0.25,4
471,0.66,759.5,318.5,220.5,3.5,5,0.25,4
472,0.64,784.0,343.0,220.5,3.5,2,0.25,4
473,0.64,784.0,343.0,220.5,3.5,3,0.25,4
474,0.64,784.0,343.0,220.5,3.5,4,0.25,4
475,0.64,784.0,343.0,220.5,3.5,5,0.25,4
476,0.62,808.5,367.5,220.5,3.5,2,0.25,4
477,0.62,808.5,367.5,220.5,3.5,3,0.25,4
478,0.62,808.5,367.5,220.5,3.5,4,0.25,4
479,0.62,808.5,367.5,220.5,3.5,5,0.25,4
480,0.98,514.5,294.0,110.25,7.0,2,0.25,5
481,0.98,514.5,294.0,110.25,7.0,3,0.25,5
482,0.98,514.5,294.0,110.25,7.0,4,0.25,5
483,0.98,514.5,294.0,110.25,7.0,5,0.25,5
484,0.9,563.5,318.5,122.5,7.0,2,0.25,5
485,0.9,563.5,318.5,122.5,7.0,3,0.25,5
486,0.9,563.5,318.5,122.5,7.0,4,0.25,5
487,0.9,563.5,318.5,122.5,7.0,5,0.25,5
488,0.86,588.0,294.0,147.0,7.0,2,0.25,5
489,0.86,588.0,294.0,147.0,7.0,3,0.25,5
490,0.86,588.0,294.0,147.0,7.0,4,0.25,5
491,0.86,588.0,294.0,147.0,7.0,5,0.25,5
492,0.82,612.5,318.5,147.0,7.0,2,0.25,5
493,0.82,612.5,318.5,147.0,7.0,3,0.25,5
494,0.82,612.5,318.5,147.0,7.0,4,0.25,5
495,0.82,612.5,318.5,147.0,7.0,5,0.25,5
496,0.79,637.0,343.0,147.0,7.0,2,0.25,5
497,0.79,637.0,343.0,147.0,7.0,3,0.25,5
498,0.79,637.0,343.0,147.0,7.0,4,0.25,5
499,0.79,637.0,343.0,147.0,7.0,5,0.25,5
500,0.76,661.5,416.5,122.5,7.0,2,0.25,5
501,0.76,661.5,416.5,122.5,7.0,3,0.25,5
502,0.76,661.5,416.5,122.5,7.0,4,0.25,5
503,0.76,661.5,416.5,122.5,7.0,5,0.25,5
504,0.74,686.0,245.0,220.5,3.5,2,0.25,5
505,0.74,686.0,245.0,220.5,3.5,3,0.25,5
506,0.74,686.0,245.0,220.5,3.5,4,0.25,5
507,0.74,686.0,245.0,220.5,3.5,5,0.25,5
508,0.71,710.5,269.5,220.5,3.5,2,0.25,5
509,0.71,710.5,269.5,220.5,3.5,3,0.25,5
510,0.71,710.5,269.5,220.5,3.5,4,0.25,5
511,0.71,710.5,269.5,220.5,3.5,5,0.25,5
512,0.69,735.0,294.0,220.5,3.5,2,0.25,5
513,0.69,735.0,294.0,220.5,3.5,3,0.25,5
514,0.69,735.0,294.0,220.5,3.5,4,0.25,5
515,0.69,735.0,294.0,220.5,3.5,5,0.25,5
516,0.66,759.5,318.5,220.5,3.5,2,0.25,5
517,0.66,759.5,318.5,220.5,3.5,3,0.25,5
518,0.66,759.5,318.5,220.5,3.5,4,0.25,5
519,0.66,759.5,318.5,220.5,3.5,5,0.25,5
520,0.64,784.0,343.0,220.5,3.5,2,0.25,5
521,0.64,784.0,343.0,220.5,3.5,3,0.25,5
522,0.64,784.0,343.0,220.5,3.5,4,0.25,5
523,0.64,784.0,343.0,220.5,3.5,5,0.25,5
524,0.62,808.5,367.5,220.5,3.5,2,0.25,5
525,0.62,808.5,367.5,220.5,3.5,3,0.25,5
526,0.62,808.5,367.5,220.5,3.5,4,0.25,5
527,0.62,808.5,367.5,220.5,3.5,5,0.25,5
528,0.98,514.5,294.0,110.25,7.0,2,0.4,1
529,0.98,514.5,294.0,110.25,7.0,3,0.4,1
530,0.98,514.5,294.0,110.25,7.0,4,0.4,1
531,0.98,514.5,294.0,110.25,7.0,5,0.4,1
532,0.9,563.5,318.5,122.5,7.0,2,0.4,1
533,0.9,563.5,318.5,122.5,7.0,3,0.4,1
534,0.9,563.5,318.5,122.5,7.0,4,0.4,1
535,0.9,563.5,318.5,122.5,7.0,5,0.4,1
536,0.86,588.0,294.0,147.0,7.0,2,0.4,1
537,0.86,588.0,294.0,147.0,7.0,3,0.4,1
538,0.86,588.0,294.0,147.0,7.0,4,0.4,1
539,0.86,588.0,294.0,147.0,7.0,5,0.4,1
540,0.82,612.5,318.5,147.0,7.0,2,0.4,1
541,0.82,612.5,318.5,147.0,7.0,3,0.4,1
542,0.82,612.5,318.5,147.0,7.0,4,0.4,1
543,0.82,612.5,318.5,147.0,7.0,5,0.4,1
544,0.79,637.0,343.0,147.0,7.0,2,0.4,1
545,0.79,637.0,343.0,147.0,7.0,3,0.4,1
546,0.79,637.0,343.0,147.0,7.0,4,0.4,1
547,0.79,637.0,343.0,147.0,7.0,5,0.4,1
548,0.76,661.5,416.5,122.5,7.0,2,0.4,1
549,0.76,661.5,416.5,122.5,7.0,3,0.4,1
550,0.76,661.5,416.5,122.5,7.0,4,0.4,1
551,0.76,661.5,416.5,122.5,7.0,5,0.4,1
552,0.74,686.0,245.0,220.5,3.5,2,0.4,1
553,0.74,686.0,245.0,220.5,3.5,3,0.4,1
554,0.74,686.0,245.0,220.5,3.5,4,0.4,1
555,0.74,686.0,245.0,220.5,3.5,5,0.4,1
556,0.71,710.5,269.5,220.5,3.5,2,0.4,1
557,0.71,710.5,269.5,220.5,3.5,3,0.4,1
558,0.71,710.5,269.5,220.5,3.5,4,0.4,1
559,0.71,710.5,269.5,220.5,3.5,5,0.4,1
560,0.69,735.0,294.0,220.5,3.5,2,0.4,1
561,0.69,735.0,294.0,220.5,3.5,3,0.4,1
562,0.69,735.0,294.0,220.5,3.5,4,0.4,1
563,0.69,735.0,294.0,220.5,3.5,5,0.4,1
564,0.66,759.5,318.5,220.5,3.5,2,0.4,1
565,0.66,759.5,318.5,220.5,3.5,3,0.4,1
566,0.66,759.5,318.5,220.5,3.5,4,0.4,1
567,0.66,759.5,318.5,220.5,3.5,5,0.4,1
568,0.64,784.0,343.0,220.5,3.5,2,0.4,1
569,0.64,784.0,343.0,220.5,3.5,3,0.4,1
570,0.64,784.0,343.0,220.5,3.5,4,0.4,1
571,0.64,784.0,343.0,220.5,3.5,5,0.4,1
572,0.62,808.5,367.5,220.5,3.5,2,0.4,1
573,0.62,808.5,367.5,220.5,3.5,3,0.4,1
574,0.62,808.5,367.5,220.5,3.5,4,0.4,1
575,0.62,808.5,367.5,220.5,3.5,5,0.4,1
576,0.98,514.5,294.0,110.25,7.0,2,0.4,2
577,0.98,514.5,294.0,110.25,7.0,3,0.4,2
578,0.98,514.5,294.0,110.25,7.0,4,0.4,2
579,0.98,514.5,294.0,110.25,7.0,5,0.4,2
580,0.9,563.5,318.5,122.5,7.0,2,0.4,2
581,0.9,563.5,318.5,122.5,7.0,3,0.4,2
582,0.9,563.5,318.5,122.5,7.0,4,0.4,2
583,0.9,563.5,318.5,122.5,7.0,5,0.4,2
584,0.86,588.0,294.0,147.0,7.0,2,0.4,2
585,0.86,588.0,294.0,147.0,7.0,3,0.4,2
586,0.86,588.0,294.0,147.0,7.0,4,0.4,2
587,0.86,588.0,294.0,147.0,7.0,5,0.4,2
588,0.82,612.5,318.5,147.0,7.0,2,0.4,2
589,0.82,612.5,318.5,147.0,7.0,3,0.4,2
590,0.82,612.5,318.5,147.0,7.0,4,0.4,2
591,0.82,612.5,318.5,147.0,7.0,5,0.4,2
592,0.79,637.0,343.0,147.0,7.0,2,0.4,2
593,0.79,637.0,343.0,147.0,7.0,3,0.4,2
594,0.79,637.0,343.0,147.0,7.0,4,0.4,2
595,0.79,637.0,343.0,147.0,7.0,5,0.4,2
596,0.76,661.5,416.5,122.5,7.0,2,0.4,2
597,0.76,661.5,416.5,122.5,7.0,3,0.4,2
598,0.76,661.5,416.5,122.5,7.0,4,0.4,2
599,0.76,661.5,416.5,122.5,7.0,5,0.4,2
600,0.74,686.0,245.0,220.5,3.5,2,0.4,2
601,0.74,686.0,245.0,220.5,3.5,3,0.4,2
602,0.74,686.0,245.0,220.5,3.5,4,0.4,2
603,0.74,686.0,245.0,220.5,3.5,5,0.4,2
604,0.71,710.5,269.5,220.5,3.5,2,0.4,2
605,0.71,710.5,269.5,220.5,3.5,3,0.4,2
606,0.71,710.5,269.5,220.5,3.5,4,0.4,2
607,0.71,710.5,269.5,220.5,3.5,5,0.4,2
608,0.69,735.0,294.0,220.5,3.5,2,0.4,2
609,0.69,735.0,294.0,220.5,3.5,3,0.4,2
610,0.69,735.0,294.0,220.5,3.5,4,0.4,2
611,0.69,735.0,294.0,220.5,3.5,5,0.4,2
612,0.66,759.5,318.5,220.5,3.5,2,0.4,2
613,0.66,759.5,318.5,220.5,3.5,3,0.4,2
614,0.66,759.5,318.5,220.5,3.5,4,0.4,2
615,0.66,759.5,318.5,220.5,3.5,5,0.4,2
616,0.64,784.0,343.0,220.5,3.5,2,0.4,2
617,0.64,784.0,343.0,220.5,3.5,3,0.4,2
618,0.64,784.0,343.0,220.5,3.5,4,0.4,2
619,0.64,784.0,343.0,220.5,3.5,5,0.4,2
620,0.62,808.5,367.5,220.5,3.5,2,0.4,2
621,0.62,808.5,367.5,220.5,3.5,3,0.4,2
622,0.62,808.5,367.5,220.5,3.5,4,0.4,2
623,0.62,808.5,367.5,220.5,3.5,5,0.4,2
624,0.98,514.5,294.0,110.25,7.0,2,0.4,3
625,0.98,514.5,294.0,110.25,7.0,3,0.4,3
626,0.98,514.5,294.0,110.25,7.0,4,0.4,3
627,0.98,514.5,294.0,110.25,7.0,5,0.4,3
628,0.9,563.5,318.5,122.5,7.0,2,0.4,3
629,0.9,563.5,318.5,122.5,7.0,3,0.4,3
630,0.9,563.5,318.5,122.5,7.0,4,0.4,3
631,0.9,563.5,318.5,122.5,7.0,5,0.4,3
632,0.86,588.0,294.0,147.0,7.0,2,0.4,3
633,0.86,588.0,294.0,147.0,7.0,3,0.4,3
634,0.86,588.0,294.0,147.0,7.0,4,0.4,3
635,0.86,588.0,294.0,147.0,7.0,5,0.4,3
636,0.82,612.5,318.5,147.0,7.0,2,0.4,3
637,0.82,612.5,318.5,147.0,7.0,3,0.4,3
638,0.82,612.5,318.5,147.0,7.0,4,0.4,3
639,0.82,612.5,318.5,147.0,7.0,5,0.4,3
640,0.79,637.0,343.0,147.0,7.0,2,0.4,3
641,0.79,637.0,343.0,147.0,7.0,3,0.4,3
642,0.79,637.0,343.0,147.0,7.0,4,0.4,3
643,0.79,637.0,343.0,147.0,7.0,5,0.4,3
644,0.76,661.5,416.5,122.5,7.0,2,0.4,3
645,0.76,661.5,416.5,122.5,7.0,3,0.4,3
646,0.76,661.5,416.5,122.5,7.0,4,0.4,3
647,0.76,661.5,416.5,122.5,7.0,5,0.4,3
648,0.74,686.0,245.0,220.5,3.5,2,0.4,3
649,0.74,686.0,245.0,220.5,3.5,3,0.4,3
650,0.74,686.0,245.0,220.5,3.5,4,0.4,3
651,0.74,686.0,245.0,220.5,3.5,5,0.4,3
652,0.71,710.5,269.5,220.5,3.5,2,0.4,3
653,0.71,710.5,269.5,220.5,3.5,3,0.4,3
654,0.71,710.5,269.5,220.5,3.5,4,0.4,3
655,0.71,710.5,269.5,220.5,3.5,5,0.4,3
656,0.69,735.0,294.0,220.5,3.5,2,0.4,3
657,0.69,735.0,294.0,220.5,3.5,3,0.4,3
658,0.69,735.0,294.0,220.5,3.5,4,0.4,3
659,0.69,735.0,294.0,220.5,3.5,5,0.4,3
660,0.66,759.5,318.5,220.5,3.5,2,0.4,3
661,0.66,759.5,318.5,220.5,3.5,3,0.4,3
662,0.66,759.5,318.5,220.5,3.5,4,0.4,3
663,0.66,759.5,318.5,220.5,3.5,5,0.4,3
664,0.64,784.0,343.0,220.5,3.5,2,0.4,3
665,0.64,784.0,343.0,220.5,3.5,3,0.4,3
666,0.64,784.0,343.0,220.5,3.5,4,0.4,3
667,0.64,784.0,343.0,220.5,3.5,5,0.4,3
668,0.62,808.5,367.5,220.5,3.5,2,0.4,3
669,0.62,808.5,367.5,220.5,3.5,3,0.4,3
670,0.62,808.5,367.5,220.5,3.5,4,0.4,3
671,0.62,808.5,367.5,220.5,3.5,5,0.4,3
672,0.98,514.5,294.0,110.25,7.0,2,0.4,4
673,0.98,514.5,294.0,110.25,7.0,3,0.4,4
674,0.98,514.5,294.0,110.25,7.0,4,0.4,4
675,0.98,514.5,294.0,110.25,7.0,5,0.4,4
676,0.9,563.5,318.5,122.5,7.0,2,0.4,4
677,0.9,563.5,318.5,122.5,7.0,3,0.4,4
678,0.9,563.5,318.5,122.5,7.0,4,0.4,4
679,0.9,563.5,318.5,122.5,7.0,5,0.4,4
680,0.86,588.0,294.0,147.0,7.0,2,0.4,4
681,0.86,588.0,294.0,147.0,7.0,3,0.4,4
682,0.86,588.0,294.0,147.0,7.0,4,0.4,4
683,0.86,588.0,294.0,147.0,7.0,5,0.4,4
684,0.82,612.5,318.5,147.0,7.0,2,0.4,4
685,0.82,612.5,318.5,147.0,7.0,3,0.4,4
686,0.82,612.5,318.5,147.0,7.0,4,0.4,4
687,0.82,612.5,318.5,147.0,7.0,5,0.4,4
688,0.79,637.0,343.0,147.0,7.0,2,0.4,4
689,0.79,637.0,343.0,147.0,7.0,3,0.4,4
690,0.79,637.0,343.0,147.0,7.0,4,0.4,4
691,0.79,637.0,343.0,147.0,7.0,5,0.4,4
692,0.76,661.5,416.5,122.5,7.0,2,0.4,4
693,0.76,661.5,416.5,122.5,7.0,3,0.4,4
694,0.76,661.5,416.5,122.5,7.0,4,0.4,4
695,0.76,661.5,416.5,122.5,7.0,5,0.4,4
696,0.74,686.0,245.0,220.5,3.5,2,0.4,4
697,0.74,686.0,245.0,220.5,3.5,3,0.4,4
698,0.74,686.0,245.0,220.5,3.5,4,0.4,4
699,0.74,686.0,245.0,220.5,3.5,5,0.4,4
700,0.71,710.5,269.5,220.5,3.5,2,0.4,4
701,0.71,710.5,269.5,220.5,3.5,3,0.4,4
702,0.71,710.5,269.5,220.5,3.5,4,0.4,4
703,0.71,710.5,269.5,220.5,3.5,5,0.4,4
704,0.69,735.0,294.0,220.5,3.5,2,0.4,4
705,0.69,735.0,294.0,220.5,3.5,3,0.4,4
706,0.69,735.0,294.0,220.5,3.5,4,0.4,4
707,0.69,735.0,294.0,220.5,3.5,5,0.4,4
708,0.66,759.5,318.5,220.5,3.5,2,0.4,4
709,0.66,759.5,318.5,220.5,3.5,3,0.4,4
710,0.66,759.5,318.5,220.5,3.5,4,0.4,4
711,0.66,759.5,318.5,220.5,3.5,5,0.4,4
712,0.64,784.0,343.0,220.5,3.5,2,0.4,4
713,0.64,784.0,343.0,220.5,3.5,3,0.4,4
714,0.64,784.0,343.0,220.5,3.5,4,0.4,4
715,0.64,784.0,343.0,220.5,3.5,5,0.4,4
716,0.62,808.5,367.5,220.5,3.5,2,0.4,4
717,0.62,808.5,367.5,220.5,3.5,3,0.4,4
718,0.62,808.5,367.5,220.5,3.5,4,0.4,4
719,0.62,808.5,367.5,220.5,3.5,5,0.4,4
720,0.98,514.5,294.0,110.25,7.0,2,0.4,5
721,0.98,514.5,294.0,110.25,7.0,3,0.4,5
722,0.98,514.5,294.0,110.25,7.0,4,0.4,5
723,0.98,514.5,294.0,110.25,7.0,5,0.4,5
724,0.9,563.5,318.5,122.5,7.0,2,0.4,5
725,0.9,563.5,318.5,122.5,7.0,3,0.4,5
726,0.9,563.5,318.5,122.5,7.0,4,0.4,5
727,0.9,563.5,318.5,122.5,7.0,5,0.4,5
728,0.86,588.0,294.0,147.0,7.0,2,0.4,5
729,0.86,588.0,294.0,147.0,7.0,3,0.4,5
730,0.86,588.0,294.0,147.0,7.0,4,0.4,5
731,0.86,588.0,294.0,147.0,7.0,5,0.4,5
732,0.82,612.5,318.5,147.0,7.0,2,0.4,5
733,0.82,612.5,318.5,147.0,7.0,3,0.4,5
734,0.82,612.5,318.5,147.0,7.0,4,0.4,5
735,0.82,612.5,318.5,147.0,7.0,5,0.4,5
736,0.79,637.0,343.0,147.0,7.0,2,0.4,5
737,0.79,637.0,343.0,147.0,7.0,3,0.4,5
738,0.79,637.0,343.0,147.0,7.0,4,0.4,5
739,0.79,637.0,343.0,147.0,7.0,5,0.4,5
740,0.76,661.5,416.5,122.5,7.0,2,0.4,5
741,0.76,661.5,416.5,122.5,7.0,3,0.4,5
742,0.76,661.5,416.5,122.5,7.0,4,0.4,5
743,0.76,661.5,416.5,122.5,7.0,5,0.4,5
744,0.74,686.0,245.0,220.5,3.5,2,0.4,5
745,0.74,686.0,245.0,220.5,3.5,3,0.4,5
746,0.74,686.0,245.0,220.5,3.5,4,0.4,5
747,0.74,686.0,245.0,220.5,3.5,5,0.4,5
748,0.71,710.5,269.5,220.5,3.5,2,0.4,5
749,0.71,710.5,269.5,220.5,3.5,3,0.4,5
750,0.71,710.5,269.5,220.5,3.5,4,0.4,5
751,0.71,710.5,269.5,220.5,3.5,5,0.4,5
752,0.69,735.0,294.0,220.5,3.5,2,0.4,5
753,0.69,735.0,294.0,220.5,3.5,3,0.4,5
754,0.69,735.0,294.0,220.5,3.5,4,0.4,5
755,0.69,735.0,294.0,220.5,3.5,5,0.4,5
756,0.66,759.5,318.5,220.5,3.5,2,0.4,5
757,0.66,759.5,318.5,220.5,3.5,3,0.4,5
758,0.66,759.5,318.5,220.5,3.5,4,0.4,5
759,0.66,759.5,318.5,220.5,3.5,5,0.4,5
760,0.64,784.0,343.0,220.5,3.5,2,0.4,5
761,0.64,784.0,343.0,220.5,3.5,3,0.4,5
762,0.64,784.0,343.0,220.5,3.5,4,0.4,5
763,0.64,784.0,343.0,220.5,3.5,5,0.4,5
764,0.62,808.5,367.5,220.5,3.5,2,0.4,5
765,0.62,808.5,367.5,220.5,3.5,3,0.4,5
766,0.62,808.5,367.5,220.5,3.5,4,0.4,5
767,0.62,808.5,367.5,220.5,3.5,5,0.4,5
