X1,X2,X3,X4,X5,X6,X7,X8,Y1,Y2
0.98,514.5,294.0,110.25,7.0,2,0.0,0,15.65,21.36
0.98,514.5,294.0,110.25,7.0,3,0.0,0,15.65,21.36
0.98,514.5,294.0,110.25,7.0,4,0.0,0,15.65,21.36
0.98,514.5,294.0,110.25,7.0,5,0.0,0,15.65,21.36
0.9,563.5,318.5,122.5,7.0,2,0.0,0,20.57,28.24
0.9,563.5,318.5,122.5,7.0,3,0.0,0,20.57,28.24
0.9,563.5,318.5,122.5,7.0,4,0.0,0,20.57,28.24
0.9,563.5,318.5,122.5,7.0,5,0.0,0,20.57,28.24
0.86,588.0,294.0,147.0,7.0,2,0.0,0,19.43,26.25
0.86,588.0,294.0,147.0,7.0,3,0.0,0,19.43,26.25
0.86,588.0,294.0,147.0,7.0,4,0.0,0,19.43,26.25
0.86,588.0,294.0,147.0,7.0,5,0.0,0,19.43,26.25
0.82,612.5,318.5,147.0,7.0,2,0.0,0,17.02,23.28
0.82,612.5,318.5,147.0,7.0,3,0.0,0,17.02,23.28
0.82,612.5,318.5,147.0,7.0,4,0.0,0,17.02,23.28
0.82,612.5,318.5,147.0,7.0,5,0.0,0,17.02,23.28
0.79,637.0,343.0,147.0,7.0,2,0.0,0,29.0,35.34
0.79,637.0,343.0,147.0,7.0,3,0.0,0,29.0,35.34
0.79,637.0,343.0,147.0,7.0,4,0.0,0,29.0,35.34
0.79,637.0,343.0,147.0,7.0,5,0.0,0,29.0,35.34
0.76,661.5,416.5,122.5,7.0,2,0.0,0,24.41,30.08
0.76,661.5,416.5,122.5,7.0,3,0.0,0,24.41,30.08
0.76,661.5,416.5,122.5,7.0,4,0.0,0,24.41,30.08
0.76,661.5,416.5,122.5,7.0,5,0.0,0,24.41,30.08
0.74,686.0,245.0,220.5,3.5,2,0.0,0,6.27,10.67
0.74,686.0,245.0,220.5,3.5,3,0.0,0,6.27,10.67
0.74,686.0,245.0,220.5,3.5,4,0.0,0,6.27,10.67
0.74,686.0,245.0,220.5,3.5,5,0.0,0,6.27,10.67
0.71,710.5,269.5,220.5,3.5,2,0.0,0,6.29,11.06
0.71,710.5,269.5,220.5,3.5,3,0.0,0,6.29,11.06
0.71,710.5,269.5,220.5,3.5,4,0.0,0,6.29,11.06
0.71,710.5,269.5,220.5,3.5,5,0.0,0,6.29,11.06
0.69,735.0,294.0,220.5,3.5,2,0.0,0,6.89,11.06
0.69,735.0,294.0,220.5,3.5,3,0.0,0,6.89,11.06
0.69,735.0,294.0,220.5,3.5,4,0.0,0,6.89,11.06
0.69,735.0,294.0,220.5,3.5,5,0.0,0,6.89,11.06
0.66,759.5,318.5,220.5,3.5,2,0.0,0,7.04,11.27
0.66,759.5,318.5,220.5,3.5,3,0.0,0,7.04,11.27
0.66,759.5,318.5,220.5,3.5,4,0.0,0,7.04,11.27
0.66,759.5,318.5,220.5,3.5,5,0.0,0,7.04,11.27
0.64,784.0,343.0,220.5,3.5,2,0.0,0,10.69,16.28
0.64,784.0,343.0,220.5,3.5,3,0.0,0,10.69,16.28
0.64,784.0,343.0,220.5,3.5,4,0.0,0,10.69,16.28
0.64,784.0,343.0,220.5,3.5,5,0.0,0,10.69,16.28
0.62,808.5,367.5,220.5,3.5,2,0.0,0,8.6,11.49
0.62,808.5,367.5,220.5,3.5,3,0.0,0,8.6,11.49
0.62,808.5,367.5,220.5,3.5,4,0.0,0,8.6,11.49
0.62,808.5,367.5,220.5,3.5,5,0.0,0,8.6,11.49
0.98,514.5,294.0,110.25,7.0,2,0.1,1,24.37,26.2
0.98,514.5,294.0,110.25,7.0,3,0.1,1,24.37,26.2
0.98,514.5,294.0,110.25,7.0,4,0.1,1,24.37,26.2
0.98,514.5,294.0,110.25,7.0,5,0.1,1,24.37,26.2
0.9,563.5,318.5,122.5,7.0,2,0.1,1,28.72,31.54
0.9,563.5,318.5,122.5,7.0,3,0.1,1,28.72,31.54
0.9,563.5,318.5,122.5,7.0,4,0.1,1,28.72,31.54
0.9,563.5,318.5,122.5,7.0,5,0.1,1,28.72,31.54
0.86,588.0,294.0,147.0,7.0,2,0.1,1,26.06,29.55
0.86,588.0,294.0,147.0,7.0,3,0.1,1,26.06,29.55
0.86,588.0,294.0,147.0,7.0,4,0.1,1,26.06,29.55
0.86,588.0,294.0,147.0,7.0,5,0.1,1,26.06,29.55
0.82,612.5,318.5,147.0,7.0,2,0.1,1,23.53,26.58
0.82,612.5,318.5,147.0,7.0,3,0.1,1,23.53,26.58
0.82,612.5,318.5,147.0,7.0,4,0.1,1,23.53,26.58
0.82,612.5,318.5,147.0,7.0,5,0.1,1,23.53,26.58
0.79,637.0,343.0,147.0,7.0,2,0.1,1,36.37,38.64
0.79,637.0,343.0,147.0,7.0,3,0.1,1,36.37,38.64
0.79,637.0,343.0,147.0,7.0,4,0.1,1,36.37,38.64
0.79,637.0,343.0,147.0,7.0,5,0.1,1,36.37,38.64
0.76,661.5,416.5,122.5,7.0,2,0.1,1,32.63,33.38
0.76,661.5,416.5,122.5,7.0,3,0.1,1,32.63,33.38
0.76,661.5,416.5,122.5,7.0,4,0.1,1,32.63,33.38
0.76,661.5,416.5,122.5,7.0,5,0.1,1,32.63,33.38
0.74,686.0,245.0,220.5,3.5,2,0.1,1,10.59,13.98
0.74,686.0,245.0,220.5,3.5,3,0.1,1,10.59,13.98
0.74,686.0,245.0,220.5,3.5,4,0.1,1,10.59,13.98
0.74,686.0,245.0,220.5,3.5,5,0.1,1,10.59,13.98
0.71,710.5,269.5,220.5,3.5,2,0.1,1,10.61,14.36
0.71,710.5,269.5,220.5,3.5,3,0.1,1,10.61,14.36
0.71,710.5,269.5,220.5,3.5,4,0.1,1,10.61,14.36
0.71,710.5,269.5,220.5,3.5,5,0.1,1,10.61,14.36
0.69,735.0,294.0,220.5,3.5,2,0.1,1,11.3,14.37
0.69,735.0,294.0,220.5,3.5,3,0.1,1,11.3,14.37
0.69,735.0,294.0,220.5,3.5,4,0.1,1,11.3,14.37
0.69,735.0,294.0,220.5,3.5,5,0.1,1,11.3,14.37
0.66,759.5,318.5,220.5,3.5,2,0.1,1,11.55,14.57
0.66,759.5,318.5,220.5,3.5,3,0.1,1,11.55,14.57
0.66,759.5,318.5,220.5,3.5,4,0.1,1,11.55,14.57
0.66,759.5,318.5,220.5,3.5,5,0.1,1,11.55,14.57
0.64,784.0,343.0,220.5,3.5,2,0.1,1,15.3,19.59
0.64,784.0,343.0,220.5,3.5,3,0.1,1,15.3,19.59
0.64,784.0,343.0,220.5,3.5,4,0.1,1,15.3,19.59
0.64,784.0,343.0,220.5,3.5,5,0.1,1,15.3,19.59
0.62,808.5,367.5,220.5,3.5,2,0.1,1,12.99,14.79
0.62,808.5,367.5,220.5,3.5,3,0.1,1,12.99,14.79
0.62,808.5,367.5,220.5,3.5,4,0.1,1,12.99,14.79
0.62,808.5,367.5,220.5,3.5,5,0.1,1,12.99,14.79
0.98,514.5,294.0,110.25,7.0,2,0.1,2,24.33,26.04
0.98,514.5,294.0,110.25,7.0,3,0.1,2,24.33,26.04
0.98,514.5,294.0,110.25,7.0,4,0.1,2,24.33,26.04
0.98,514.5,294.0,110.25,7.0,5,0.1,2,24.33,26.04
0.9,563.5,318.5,122.5,7.0,2,0.1,2,28.95,31.85
0.9,563.5,318.5,122.5,7.0,3,0.1,2,28.95,31.85
0.9,563.5,318.5,122.5,7.0,4,0.1,2,28.95,31.85
0.9,563.5,318.5,122.5,7.0,5,0.1,2,28.95,31.85
0.86,588.0,294.0,147.0,7.0,2,0.1,2,25.97,29.24
0.86,588.0,294.0,147.0,7.0,3,0.1,2,25.97,29.24
0.86,588.0,294.0,147.0,7.0,4,0.1,2,25.97,29.24
0.86,588.0,294.0,147.0,7.0,5,0.1,2,25.97,29.24
0.82,612.5,318.5,147.0,7.0,2,0.1,2,23.44,26.27
0.82,612.5,318.5,147.0,7.0,3,0.1,2,23.44,26.27
0.82,612.5,318.5,147.0,7.0,4,0.1,2,23.44,26.27
0.82,612.5,318.5,147.0,7.0,5,0.1,2,23.44,26.27
0.79,637.0,343.0,147.0,7.0,2,0.1,2,36.43,38.33
0.79,637.0,343.0,147.0,7.0,3,0.1,2,36.43,38.33
0.79,637.0,343.0,147.0,7.0,4,0.1,2,36.43,38.33
0.79,637.0,343.0,147.0,7.0,5,0.1,2,36.43,38.33
0.76,661.5,416.5,122.5,7.0,2,0.1,2,32.76,35.18
0.76,661.5,416.5,122.5,7.0,3,0.1,2,32.76,35.18
0.76,661.5,416.5,122.5,7.0,4,0.1,2,32.76,35.18
0.76,661.5,416.5,122.5,7.0,5,0.1,2,32.76,35.18
0.74,686.0,245.0,220.5,3.5,2,0.1,2,10.59,13.67
0.74,686.0,245.0,220.5,3.5,3,0.1,2,10.59,13.67
0.74,686.0,245.0,220.5,3.5,4,0.1,2,10.59,13.67
0.74,686.0,245.0,220.5,3.5,5,0.1,2,10.59,13.67
0.71,710.5,269.5,220.5,3.5,2,0.1,2,10.6,14.05
0.71,710.5,269.5,220.5,3.5,3,0.1,2,10.6,14.05
0.71,710.5,269.5,220.5,3.5,4,0.1,2,10.6,14.05
0.71,710.5,269.5,220.5,3.5,5,0.1,2,10.6,14.05
0.69,735.0,294.0,220.5,3.5,2,0.1,2,11.33,14.06
0.69,735.0,294.0,220.5,3.5,3,0.1,2,11.33,14.06
0.69,735.0,294.0,220.5,3.5,4,0.1,2,11.33,14.06
0.69,735.0,294.0,220.5,3.5,5,0.1,2,11.33,14.06
0.66,759.5,318.5,220.5,3.5,2,0.1,2,11.54,14.26
0.66,759.5,318.5,220.5,3.5,3,0.1,2,11.54,14.26
0.66,759.5,318.5,220.5,3.5,4,0.1,2,11.54,14.26
0.66,759.5,318.5,220.5,3.5,5,0.1,2,11.54,14.26
0.64,784.0,343.0,220.5,3.5,2,0.1,2,15.26,19.28
0.64,784.0,343.0,220.5,3.5,3,0.1,2,15.26,19.28
0.64,784.0,343.0,220.5,3.5,4,0.1,2,15.26,19.28
0.64,784.0,343.0,220.5,3.5,5,0.1,2,15.26,19.28
0.62,808.5,367.5,220.5,3.5,2,0.1,2,12.97,13.56
0.62,808.5,367.5,220.5,3.5,3,0.1,2,12.97,13.56
0.62,808.5,367.5,220.5,3.5,4,0.1,2,12.97,13.56
0.62,808.5,367.5,220.5,3.5,5,0.1,2,12.97,13.56
0.98,514.5,294.0,110.25,7.0,2,0.1,3,24.33,26.26
0.98,514.5,294.0,110.25,7.0,3,0.1,3,24.33,26.26
0.98,514.5,294.0,110.25,7.0,4,0.1,3,24.33,26.26
0.98,514.5,294.0,110.25,7.0,5,0.1,3,24.33,26.26
0.9,563.5,318.5,122.5,7.0,2,0.1,3,28.98,31.29
0.9,563.5,318.5,122.5,7.0,3,0.1,3,28.98,31.29
0.9,563.5,318.5,122.5,7.0,4,0.1,3,28.98,31.29
0.9,563.5,318.5,122.5,7.0,5,0.1,3,28.98,31.29
0.86,588.0,294.0,147.0,7.0,2,0.1,3,26.38,29.17
0.86,588.0,294.0,147.0,7.0,3,0.1,3,26.38,29.17
0.86,588.0,294.0,147.0,7.0,4,0.1,3,26.38,29.17
0.86,588.0,294.0,147.0,7.0,5,0.1,3,26.38,29.17
0.82,612.5,318.5,147.0,7.0,2,0.1,3,23.64,26.1
0.82,612.5,318.5,147.0,7.0,3,0.1,3,23.64,26.1
0.82,612.5,318.5,147.0,7.0,4,0.1,3,23.64,26.1
0.82,612.5,318.5,147.0,7.0,5,0.1,3,23.64,26.1
0.79,637.0,343.0,147.0,7.0,2,0.1,3,36.32,38.16
0.79,637.0,343.0,147.0,7.0,3,0.1,3,36.32,38.16
0.79,637.0,343.0,147.0,7.0,4,0.1,3,36.32,38.16
0.79,637.0,343.0,147.0,7.0,5,0.1,3,36.32,38.16
0.76,661.5,416.5,122.5,7.0,2,0.1,3,32.79,35.18
0.76,661.5,416.5,122.5,7.0,3,0.1,3,32.79,35.18
0.76,661.5,416.5,122.5,7.0,4,0.1,3,32.79,35.18
0.76,661.5,416.5,122.5,7.0,5,0.1,3,32.79,35.18
0.74,686.0,245.0,220.5,3.5,2,0.1,3,10.4,13.56
0.74,686.0,245.0,220.5,3.5,3,0.1,3,10.4,13.56
0.74,686.0,245.0,220.5,3.5,4,0.1,3,10.4,13.56
0.74,686.0,245.0,220.5,3.5,5,0.1,3,10.4,13.56
0.71,710.5,269.5,220.5,3.5,2,0.1,3,10.83,14.01
0.71,710.5,269.5,220.5,3.5,3,0.1,3,10.83,14.01
0.71,710.5,269.5,220.5,3.5,4,0.1,3,10.83,14.01
0.71,710.5,269.5,220.5,3.5,5,0.1,3,10.83,14.01
0.69,735.0,294.0,220.5,3.5,2,0.1,3,11.33,13.88
0.69,735.0,294.0,220.5,3.5,3,0.1,3,11.33,13.88
0.69,735.0,294.0,220.5,3.5,4,0.1,3,11.33,13.88
0.69,735.0,294.0,220.5,3.5,5,0.1,3,11.33,13.88
0.66,759.5,318.5,220.5,3.5,2,0.1,3,11.46,14.09
0.66,759.5,318.5,220.5,3.5,3,0.1,3,11.46,14.09
0.66,759.5,318.5,220.5,3.5,4,0.1,3,11.46,14.09
0.66,759.5,318.5,220.5,3.5,5,0.1,3,11.46,14.09
0.64,784.0,343.0,220.5,3.5,2,0.1,3,15.24,18.42
0.64,784.0,343.0,220.5,3.5,3,0.1,3,15.24,18.42
0.64,784.0,343.0,220.5,3.5,4,0.1,3,15.24,18.42
0.64,784.0,343.0,220.5,3.5,5,0.1,3,15.24,18.42
0.62,808.5,367.5,220.5,3.5,2,0.1,3,12.78,13.56
0.62,808.5,367.5,220.5,3.5,3,0.1,3,12.78,13.56
0.62,808.5,367.5,220.5,3.5,4,0.1,3,12.78,13.56
0.62,808.5,367.5,220.5,3.5,5,0.1,3,12.78,13.56
0.98,514.5,294.0,110.25,7.0,2,0.1,4,24.33,26.48
0.98,514.5,294.0,110.25,7.0,3,0.1,4,24.33,26.48
0.98,514.5,294.0,110.25,7.0,4,0.1,4,24.33,26.48
0.98,514.5,294.0,110.25,7.0,5,0.1,4,24.33,26.48
0.9,563.5,318.5,122.5,7.0,2,0.1,4,29.0,31.48
0.9,563.5,318.5,122.5,7.0,3,0.1,4,29.0,31.48
0.9,563.5,318.5,122.5,7.0,4,0.1,4,29.0,31.48
0.9,563.5,318.5,122.5,7.0,5,0.1,4,29.0,31.48
0.86,588.0,294.0,147.0,7.0,2,0.1,4,26.26,29.38
0.86,588.0,294.0,147.0,7.0,3,0.1,4,26.26,29.38
0.86,588.0,294.0,147.0,7.0,4,0.1,4,26.26,29.38
0.86,588.0,294.0,147.0,7.0,5,0.1,4,26.26,29.38
0.82,612.5,318.5,147.0,7.0,2,0.1,4,23.68,26.36
0.82,612.5,318.5,147.0,7.0,3,0.1,4,23.68,26.36
0.82,612.5,318.5,147.0,7.0,4,0.1,4,23.68,26.36
0.82,612.5,318.5,147.0,7.0,5,0.1,4,23.68,26.36
0.79,637.0,343.0,147.0,7.0,2,0.1,4,36.35,39.49
0.79,637.0,343.0,147.0,7.0,3,0.1,4,36.35,39.49
0.79,637.0,343.0,147.0,7.0,4,0.1,4,36.35,39.49
0.79,637.0,343.0,147.0,7.0,5,0.1,4,36.35,39.49
0.76,661.5,416.5,122.5,7.0,2,0.1,4,32.98,35.23
0.76,661.5,416.5,122.5,7.0,3,0.1,4,32.98,35.23
0.76,661.5,416.5,122.5,7.0,4,0.1,4,32.98,35.23
0.76,661.5,416.5,122.5,7.0,5,0.1,4,32.98,35.23
0.74,686.0,245.0,220.5,3.5,2,0.1,4,10.31,13.39
0.74,686.0,245.0,220.5,3.5,3,0.1,4,10.31,13.39
0.74,686.0,245.0,220.5,3.5,4,0.1,4,10.31,13.39
0.74,686.0,245.0,220.5,3.5,5,0.1,4,10.31,13.39
0.71,710.5,269.5,220.5,3.5,2,0.1,4,10.83,14.02
0.71,710.5,269.5,220.5,3.5,3,0.1,4,10.83,14.02
0.71,710.5,269.5,220.5,3.5,4,0.1,4,10.83,14.02
0.71,710.5,269.5,220.5,3.5,5,0.1,4,10.83,14.02
0.69,735.0,294.0,220.5,3.5,2,0.1,4,11.27,14.73
0.69,735.0,294.0,220.5,3.5,3,0.1,4,11.27,14.73
0.69,735.0,294.0,220.5,3.5,4,0.1,4,11.27,14.73
0.69,735.0,294.0,220.5,3.5,5,0.1,4,11.27,14.73
0.66,759.5,318.5,220.5,3.5,2,0.1,4,11.42,14.85
0.66,759.5,318.5,220.5,3.5,3,0.1,4,11.42,14.85
0.66,759.5,318.5,220.5,3.5,4,0.1,4,11.42,14.85
0.66,759.5,318.5,220.5,3.5,5,0.1,4,11.42,14.85
0.64,784.0,343.0,220.5,3.5,2,0.1,4,15.32,18.47
0.64,784.0,343.0,220.5,3.5,3,0.1,4,15.32,18.47
0.64,784.0,343.0,220.5,3.5,4,0.1,4,15.32,18.47
0.64,784.0,343.0,220.5,3.5,5,0.1,4,15.32,18.47
0.62,808.5,367.5,220.5,3.5,2,0.1,4,12.88,13.62
0.62,808.5,367.5,220.5,3.5,3,0.1,4,12.88,13.62
0.62,808.5,367.5,220.5,3.5,4,0.1,4,12.88,13.62
0.62,808.5,367.5,220.5,3.5,5,0.1,4,12.88,13.62
0.98,514.5,294.0,110.25,7.0,2,0.1,5,24.33,26.4
0.98,514.5,294.0,110.25,7.0,3,0.1,5,24.33,26.4
0.98,514.5,294.0,110.25,7.0,4,0.1,5,24.33,26.4
0.98,514.5,294.0,110.25,7.0,5,0.1,5,24.33,26.4
0.9,563.5,318.5,122.5,7.0,2,0.1,5,29.04,31.32
0.9,563.5,318.5,122.5,7.0,3,0.1,5,29.04,31.32
0.9,563.5,318.5,122.5,7.0,4,0.1,5,29.04,31.32
0.9,563.5,318.5,122.5,7.0,5,0.1,5,29.04,31.32
0.86,588.0,294.0,147.0,7.0,2,0.1,5,26.23,29.1
0.86,588.0,294.0,147.0,7.0,3,0.1,5,26.23,29.1
0.86,588.0,294.0,147.0,7.0,4,0.1,5,26.23,29.1
0.86,588.0,294.0,147.0,7.0,5,0.1,5,26.23,29.1
0.82,612.5,318.5,147.0,7.0,2,0.1,5,23.69,26.72
0.82,612.5,318.5,147.0,7.0,3,0.1,5,23.69,26.72
0.82,612.5,318.5,147.0,7.0,4,0.1,5,23.69,26.72
0.82,612.5,318.5,147.0,7.0,5,0.1,5,23.69,26.72
0.79,637.0,343.0,147.0,7.0,2,0.1,5,36.3,39.36
0.79,637.0,343.0,147.0,7.0,3,0.1,5,36.3,39.36
0.79,637.0,343.0,147.0,7.0,4,0.1,5,36.3,39.36
0.79,637.0,343.0,147.0,7.0,5,0.1,5,36.3,39.36
0.76,661.5,416.5,122.5,7.0,2,0.1,5,32.86,35.1
0.76,661.5,416.5,122.5,7.0,3,0.1,5,32.86,35.1
0.76,661.5,416.5,122.5,7.0,4,0.1,5,32.86,35.1
0.76,661.5,416.5,122.5,7.0,5,0.1,5,32.86,35.1
0.74,686.0,245.0,220.5,3.5,2,0.1,5,10.41,13.62
0.74,686.0,245.0,220.5,3.5,3,0.1,5,10.41,13.62
0.74,686.0,245.0,220.5,3.5,4,0.1,5,10.41,13.62
0.74,686.0,245.0,220.5,3.5,5,0.1,5,10.41,13.62
0.71,710.5,269.5,220.5,3.5,2,0.1,5,11.29,13.95
0.71,710.5,269.5,220.5,3.5,3,0.1,5,11.29,13.95
0.71,710.5,269.5,220.5,3.5,4,0.1,5,11.29,13.95
0.71,710.5,269.5,220.5,3.5,5,0.1,5,11.29,13.95
0.69,735.0,294.0,220.5,3.5,2,0.1,5,11.27,14.41
0.69,735.0,294.0,220.5,3.5,3,0.1,5,11.27,14.41
0.69,735.0,294.0,220.5,3.5,4,0.1,5,11.27,14.41
0.69,735.0,294.0,220.5,3.5,5,0.1,5,11.27,14.41
0.66,759.5,318.5,220.5,3.5,2,0.1,5,11.32,14.73
0.66,759.5,318.5,220.5,3.5,3,0.1,5,11.32,14.73
0.66,759.5,318.5,220.5,3.5,4,0.1,5,11.32,14.73
0.66,759.5,318.5,220.5,3.5,5,0.1,5,11.32,14.73
0.64,784.0,343.0,220.5,3.5,2,0.1,5,15.23,18.34
0.64,784.0,343.0,220.5,3.5,3,0.1,5,15.23,18.34
0.64,784.0,343.0,220.5,3.5,4,0.1,5,15.23,18.34
0.64,784.0,343.0,220.5,3.5,5,0.1,5,15.23,18.34
0.62,808.5,367.5,220.5,3.5,2,0.1,5,12.72,13.49
0.62,808.5,367.5,220.5,3.5,3,0.1,5,12.72,13.49
0.62,808.5,367.5,220.5,3.5,4,0.1,5,12.72,13.49
0.62,808.5,367.5,220.5,3.5,5,0.1,5,12.72,13.49
0.98,514.5,294.0,110.25,7.0,2,0.25,1,28.51,29.73
0.98,514.5,294.0,110.25,7.0,3,0.25,1,28.51,29.73
0.98,514.5,294.0,110.25,7.0,4,0.25,1,28.51,29.73
0.98,514.5,294.0,110.25,7.0,5,0.25,1,28.51,29.73
0.9,563.5,318.5,122.5,7.0,2,0.25,1,32.53,35.2
0.9,563.5,318.5,122.5,7.0,3,0.25,1,32.53,35.2
0.9,563.5,318.5,122.5,7.0,4,0.25,1,32.53,35.2
0.9,563.5,318.5,122.5,7.0,5,0.25,1,32.53,35.2
0.86,588.0,294.0,147.0,7.0,2,0.25,1,29.45,32.02
0.86,588.0,294.0,147.0,7.0,3,0.25,1,29.45,32.02
0.86,588.0,294.0,147.0,7.0,4,0.25,1,29.45,32.02
0.86,588.0,294.0,147.0,7.0,5,0.25,1,29.45,32.02
0.82,612.5,318.5,147.0,7.0,2,0.25,1,26.18,28.45
0.82,612.5,318.5,147.0,7.0,3,0.25,1,26.18,28.45
0.82,612.5,318.5,147.0,7.0,4,0.25,1,26.18,28.45
0.82,612.5,318.5,147.0,7.0,5,0.25,1,26.18,28.45
0.79,637.0,343.0,147.0,7.0,2,0.25,1,39.01,40.51
0.79,637.0,343.0,147.0,7.0,3,0.25,1,39.01,40.51
0.79,637.0,343.0,147.0,7.0,4,0.25,1,39.01,40.51
0.79,637.0,343.0,147.0,7.0,5,0.25,1,39.01,40.51
0.76,661.5,416.5,122.5,7.0,2,0.25,1,36.78,37.21
0.76,661.5,416.5,122.5,7.0,3,0.25,1,36.78,37.21
0.76,661.5,416.5,122.5,7.0,4,0.25,1,36.78,37.21
0.76,661.5,416.5,122.5,7.0,5,0.25,1,36.78,37.21
0.74,686.0,245.0,220.5,3.5,2,0.25,1,12.45,15.38
0.74,686.0,245.0,220.5,3.5,3,0.25,1,12.45,15.38
0.74,686.0,245.0,220.5,3.5,4,0.25,1,12.45,15.38
0.74,686.0,245.0,220.5,3.5,5,0.25,1,12.45,15.38
0.71,710.5,269.5,220.5,3.5,2,0.25,1,12.58,15.63
0.71,710.5,269.5,220.5,3.5,3,0.25,1,12.58,15.63
0.71,710.5,269.5,220.5,3.5,4,0.25,1,12.58,15.63
0.71,710.5,269.5,220.5,3.5,5,0.25,1,12.58,15.63
0.69,735.0,294.0,220.5,3.5,2,0.25,1,12.77,16.24
0.69,735.0,294.0,220.5,3.5,3,0.25,1,12.77,16.24
0.69,735.0,294.0,220.5,3.5,4,0.25,1,12.77,16.24
0.69,735.0,294.0,220.5,3.5,5,0.25,1,12.77,16.24
0.66,759.5,318.5,220.5,3.5,2,0.25,1,13.14,16.44
0.66,759.5,318.5,220.5,3.5,3,0.25,1,13.14,16.44
0.66,759.5,318.5,220.5,3.5,4,0.25,1,13.14,16.44
0.66,759.5,318.5,220.5,3.5,5,0.25,1,13.14,16.44
0.64,784.0,343.0,220.5,3.5,2,0.25,1,17.32,21.46
0.64,784.0,343.0,220.5,3.5,3,0.25,1,17.32,21.46
0.64,784.0,343.0,220.5,3.5,4,0.25,1,17.32,21.46
0.64,784.0,343.0,220.5,3.5,5,0.25,1,17.32,21.46
0.62,808.5,367.5,220.5,3.5,2,0.25,1,14.9,15.59
0.62,808.5,367.5,220.5,3.5,3,0.25,1,14.9,15.59
0.62,808.5,367.5,220.5,3.5,4,0.25,1,14.9,15.59
0.62,808.5,367.5,220.5,3.5,5,0.25,1,14.9,15.59
0.98,514.5,294.0,110.25,7.0,2,0.25,2,28.54,29.66
0.98,514.5,294.0,110.25,7.0,3,0.25,2,28.54,29.66
0.98,514.5,294.0,110.25,7.0,4,0.25,2,28.54,29.66
0.98,514.5,294.0,110.25,7.0,5,0.25,2,28.54,29.66
0.9,563.5,318.5,122.5,7.0,2,0.25,2,32.5,34.75
0.9,563.5,318.5,122.5,7.0,3,0.25,2,32.5,34.75
0.9,563.5,318.5,122.5,7.0,4,0.25,2,32.5,34.75
0.9,563.5,318.5,122.5,7.0,5,0.25,2,32.5,34.75
0.86,588.0,294.0,147.0,7.0,2,0.25,2,29.27,31.55
0.86,588.0,294.0,147.0,7.0,3,0.25,2,29.27,31.55
0.86,588.0,294.0,147.0,7.0,4,0.25,2,29.27,31.55
0.86,588.0,294.0,147.0,7.0,5,0.25,2,29.27,31.55
0.82,612.5,318.5,147.0,7.0,2,0.25,2,25.38,28.15
0.82,612.5,318.5,147.0,7.0,3,0.25,2,25.38,28.15
0.82,612.5,318.5,147.0,7.0,4,0.25,2,25.38,28.15
0.82,612.5,318.5,147.0,7.0,5,0.25,2,25.38,28.15
0.79,637.0,343.0,147.0,7.0,2,0.25,2,39.42,41.33
0.79,637.0,343.0,147.0,7.0,3,0.25,2,39.42,41.33
0.79,637.0,343.0,147.0,7.0,4,0.25,2,39.42,41.33
0.79,637.0,343.0,147.0,7.0,5,0.25,2,39.42,41.33
0.76,661.5,416.5,122.5,7.0,2,0.25,2,36.53,37.07
0.76,661.5,416.5,122.5,7.0,3,0.25,2,36.53,37.07
0.76,661.5,416.5,122.5,7.0,4,0.25,2,36.53,37.07
0.76,661.5,416.5,122.5,7.0,5,0.25,2,36.53,37.07
0.74,686.0,245.0,220.5,3.5,2,0.25,2,12.33,15.11
0.74,686.0,245.0,220.5,3.5,3,0.25,2,12.33,15.11
0.74,686.0,245.0,220.5,3.5,4,0.25,2,12.33,15.11
0.74,686.0,245.0,220.5,3.5,5,0.25,2,12.33,15.11
0.71,710.5,269.5,220.5,3.5,2,0.25,2,12.33,15.25
0.71,710.5,269.5,220.5,3.5,3,0.25,2,12.33,15.25
0.71,710.5,269.5,220.5,3.5,4,0.25,2,12.33,15.25
0.71,710.5,269.5,220.5,3.5,5,0.25,2,12.33,15.25
0.69,735.0,294.0,220.5,3.5,2,0.25,2,12.54,15.44
0.69,735.0,294.0,220.5,3.5,3,0.25,2,12.54,15.44
0.69,735.0,294.0,220.5,3.5,4,0.25,2,12.54,15.44
0.69,735.0,294.0,220.5,3.5,5,0.25,2,12.54,15.44
0.66,759.5,318.5,220.5,3.5,2,0.25,2,12.94,15.87
0.66,759.5,318.5,220.5,3.5,3,0.25,2,12.94,15.87
0.66,759.5,318.5,220.5,3.5,4,0.25,2,12.94,15.87
0.66,759.5,318.5,220.5,3.5,5,0.25,2,12.94,15.87
0.64,784.0,343.0,220.5,3.5,2,0.25,2,17.2,20.31
0.64,784.0,343.0,220.5,3.5,3,0.25,2,17.2,20.31
0.64,784.0,343.0,220.5,3.5,4,0.25,2,17.2,20.31
0.64,784.0,343.0,220.5,3.5,5,0.25,2,17.2,20.31
0.62,808.5,367.5,220.5,3.5,2,0.25,2,14.7,15.45
0.62,808.5,367.5,220.5,3.5,3,0.25,2,14.7,15.45
0.62,808.5,367.5,220.5,3.5,4,0.25,2,14.7,15.45
0.62,808.5,367.5,220.5,3.5,5,0.25,2,14.7,15.45
0.98,514.5,294.0,110.25,7.0,2,0.25,3,28.54,29.76
0.98,514.5,294.0,110.25,7.0,3,0.25,3,28.54,29.76
0.98,514.5,294.0,110.25,7.0,4,0.25,3,28.54,29.76
0.98,514.5,294.0,110.25,7.0,5,0.25,3,28.54,29.76
0.9,563.5,318.5,122.5,7.0,2,0.25,3,32.47,34.08
0.9,563.5,318.5,122.5,7.0,3,0.25,3,32.47,34.08
0.9,563.5,318.5,122.5,7.0,4,0.25,3,32.47,34.08
0.9,563.5,318.5,122.5,7.0,5,0.25,3,32.47,34.08
0.86,588.0,294.0,147.0,7.0,2,0.25,3,29.24,31.47
0.86,588.0,294.0,147.0,7.0,3,0.25,3,29.24,31.47
0.86,588.0,294.0,147.0,7.0,4,0.25,3,29.24,31.47
0.86,588.0,294.0,147.0,7.0,5,0.25,3,29.24,31.47
0.82,612.5,318.5,147.0,7.0,2,0.25,3,25.38,27.86
0.82,612.5,318.5,147.0,7.0,3,0.25,3,25.38,27.86
0.82,612.5,318.5,147.0,7.0,4,0.25,3,25.38,27.86
0.82,612.5,318.5,147.0,7.0,5,0.25,3,25.38,27.86
0.79,637.0,343.0,147.0,7.0,2,0.25,3,38.98,41.33
0.79,637.0,343.0,147.0,7.0,3,0.25,3,38.98,41.33
0.79,637.0,343.0,147.0,7.0,4,0.25,3,38.98,41.33
0.79,637.0,343.0,147.0,7.0,5,0.25,3,38.98,41.33
0.76,661.5,416.5,122.5,7.0,2,0.25,3,36.33,37.07
0.76,661.5,416.5,122.5,7.0,3,0.25,3,36.33,37.07
0.76,661.5,416.5,122.5,7.0,4,0.25,3,36.33,37.07
0.76,661.5,416.5,122.5,7.0,5,0.25,3,36.33,37.07
0.74,686.0,245.0,220.5,3.5,2,0.25,3,11.98,14.63
0.74,686.0,245.0,220.5,3.5,3,0.25,3,11.98,14.63
0.74,686.0,245.0,220.5,3.5,4,0.25,3,11.98,14.63
0.74,686.0,245.0,220.5,3.5,5,0.25,3,11.98,14.63
0.71,710.5,269.5,220.5,3.5,2,0.25,3,12.27,15.03
0.71,710.5,269.5,220.5,3.5,3,0.25,3,12.27,15.03
0.71,710.5,269.5,220.5,3.5,4,0.25,3,12.27,15.03
0.71,710.5,269.5,220.5,3.5,5,0.25,3,12.27,15.03
0.69,735.0,294.0,220.5,3.5,2,0.25,3,12.35,15.18
0.69,735.0,294.0,220.5,3.5,3,0.25,3,12.35,15.18
0.69,735.0,294.0,220.5,3.5,4,0.25,3,12.35,15.18
0.69,735.0,294.0,220.5,3.5,5,0.25,3,12.35,15.18
0.66,759.5,318.5,220.5,3.5,2,0.25,3,12.94,15.96
0.66,759.5,318.5,220.5,3.5,3,0.25,3,12.94,15.96
0.66,759.5,318.5,220.5,3.5,4,0.25,3,12.94,15.96
0.66,759.5,318.5,220.5,3.5,5,0.25,3,12.94,15.96
0.64,784.0,343.0,220.5,3.5,2,0.25,3,16.75,20.31
0.64,784.0,343.0,220.5,3.5,3,0.25,3,16.75,20.31
0.64,784.0,343.0,220.5,3.5,4,0.25,3,16.75,20.31
0.64,784.0,343.0,220.5,3.5,5,0.25,3,16.75,20.31
0.62,808.5,367.5,220.5,3.5,2,0.25,3,14.36,15.45
0.62,808.5,367.5,220.5,3.5,3,0.25,3,14.36,15.45
0.62,808.5,367.5,220.5,3.5,4,0.25,3,14.36,15.45
0.62,808.5,367.5,220.5,3.5,5,0.25,3,14.36,15.45
0.98,514.5,294.0,110.25,7.0,2,0.25,4,28.54,29.8
0.98,514.5,294.0,110.25,7.0,3,0.25,4,28.54,29.8
0.98,514.5,294.0,110.25,7.0,4,0.25,4,28.54,29.8
0.98,514.5,294.0,110.25,7.0,5,0.25,4,28.54,29.8
0.9,563.5,318.5,122.5,7.0,2,0.25,4,32.48,34.1
0.9,563.5,318.5,122.5,7.0,3,0.25,4,32.48,34.1
0.9,563.5,318.5,122.5,7.0,4,0.25,4,32.48,34.1
0.9,563.5,318.5,122.5,7.0,5,0.25,4,32.48,34.1
0.86,588.0,294.0,147.0,7.0,2,0.25,4,29.25,31.51
0.86,588.0,294.0,147.0,7.0,3,0.25,4,29.25,31.51
0.86,588.0,294.0,147.0,7.0,4,0.25,4,29.25,31.51
0.86,588.0,294.0,147.0,7.0,5,0.25,4,29.25,31.51
0.82,612.5,318.5,147.0,7.0,2,0.25,4,25.41,27.89
0.82,612.5,318.5,147.0,7.0,3,0.25,4,25.41,27.89
0.82,612.5,318.5,147.0,7.0,4,0.25,4,25.41,27.89
0.82,612.5,318.5,147.0,7.0,5,0.25,4,25.41,27.89
0.79,637.0,343.0,147.0,7.0,2,0.25,4,39.19,41.39
0.79,637.0,343.0,147.0,7.0,3,0.25,4,39.19,41.39
0.79,637.0,343.0,147.0,7.0,4,0.25,4,39.19,41.39
0.79,637.0,343.0,147.0,7.0,5,0.25,4,39.19,41.39
0.76,661.5,416.5,122.5,7.0,2,0.25,4,36.52,37.13
0.76,661.5,416.5,122.5,7.0,3,0.25,4,36.52,37.13
0.76,661.5,416.5,122.5,7.0,4,0.25,4,36.52,37.13
0.76,661.5,416.5,122.5,7.0,5,0.25,4,36.52,37.13
0.74,686.0,245.0,220.5,3.5,2,0.25,4,12.11,15.16
0.74,686.0,245.0,220.5,3.5,3,0.25,4,12.11,15.16
0.74,686.0,245.0,220.5,3.5,4,0.25,4,12.11,15.16
0.74,686.0,245.0,220.5,3.5,5,0.25,4,12.11,15.16
0.71,710.5,269.5,220.5,3.5,2,0.25,4,12.29,15.03
0.71,710.5,269.5,220.5,3.5,3,0.25,4,12.29,15.03
0.71,710.5,269.5,220.5,3.5,4,0.25,4,12.29,15.03
0.71,710.5,269.5,220.5,3.5,5,0.25,4,12.29,15.03
0.69,735.0,294.0,220.5,3.5,2,0.25,4,12.71,15.84
0.69,735.0,294.0,220.5,3.5,3,0.25,4,12.71,15.84
0.69,735.0,294.0,220.5,3.5,4,0.25,4,12.71,15.84
0.69,735.0,294.0,220.5,3.5,5,0.25,4,12.71,15.84
0.66,759.5,318.5,220.5,3.5,2,0.25,4,12.95,15.97
0.66,759.5,318.5,220.5,3.5,3,0.25,4,12.95,15.97
0.66,759.5,318.5,220.5,3.5,4,0.25,4,12.95,15.97
0.66,759.5,318.5,220.5,3.5,5,0.25,4,12.95,15.97
0.64,784.0,343.0,220.5,3.5,2,0.25,4,16.83,20.37
0.64,784.0,343.0,220.5,3.5,3,0.25,4,16.83,20.37
0.64,784.0,343.0,220.5,3.5,4,0.25,4,16.83,20.37
0.64,784.0,343.0,220.5,3.5,5,0.25,4,16.83,20.37
0.62,808.5,367.5,220.5,3.5,2,0.25,4,14.46,15.51
0.62,808.5,367.5,220.5,3.5,3,0.25,4,14.46,15.51
0.62,808.5,367.5,220.5,3.5,4,0.25,4,14.46,15.51
0.62,808.5,367.5,220.5,3.5,5,0.25,4,14.46,15.51
0.98,514.5,294.0,110.25,7.0,2,0.25,5,28.54,29.53
0.98,514.5,294.0,110.25,7.0,3,0.25,5,28.54,29.53
0.98,514.5,294.0,110.25,7.0,4,0.25,5,28.54,29.53
0.98,514.5,294.0,110.25,7.0,5,0.25,5,28.54,29.53
0.9,563.5,318.5,122.5,7.0,2,0.25,5,32.44,33.74
0.9,563.5,318.5,122.5,7.0,3,0.25,5,32.44,33.74
0.9,563.5,318.5,122.5,7.0,4,0.25,5,32.44,33.74
0.9,563.5,318.5,122.5,7.0,5,0.25,5,32.44,33.74
0.86,588.0,294.0,147.0,7.0,2,0.25,5,29.27,31.04
0.86,588.0,294.0,147.0,7.0,3,0.25,5,29.27,31.04
0.86,588.0,294.0,147.0,7.0,4,0.25,5,29.27,31.04
0.86,588.0,294.0,147.0,7.0,5,0.25,5,29.27,31.04
0.82,612.5,318.5,147.0,7.0,2,0.25,5,25.41,28.05
0.82,612.5,318.5,147.0,7.0,3,0.25,5,25.41,28.05
0.82,612.5,318.5,147.0,7.0,4,0.25,5,25.41,28.05
0.82,612.5,318.5,147.0,7.0,5,0.25,5,25.41,28.05
0.79,637.0,343.0,147.0,7.0,2,0.25,5,39.08,41.26
0.79,637.0,343.0,147.0,7.0,3,0.25,5,39.08,41.26
0.79,637.0,343.0,147.0,7.0,4,0.25,5,39.08,41.26
0.79,637.0,343.0,147.0,7.0,5,0.25,5,39.08,41.26
0.76,661.5,416.5,122.5,7.0,2,0.25,5,36.24,37.0
0.76,661.5,416.5,122.5,7.0,3,0.25,5,36.24,37.0
0.76,661.5,416.5,122.5,7.0,4,0.25,5,36.24,37.0
0.76,661.5,416.5,122.5,7.0,5,0.25,5,36.24,37.0
0.74,686.0,245.0,220.5,3.5,2,0.25,5,11.86,14.65
0.74,686.0,245.0,220.5,3.5,3,0.25,5,11.86,14.65
0.74,686.0,245.0,220.5,3.5,4,0.25,5,11.86,14.65
0.74,686.0,245.0,220.5,3.5,5,0.25,5,11.86,14.65
0.71,710.5,269.5,220.5,3.5,2,0.25,5,12.27,15.11
0.71,710.5,269.5,220.5,3.5,3,0.25,5,12.27,15.11
0.71,710.5,269.5,220.5,3.5,4,0.25,5,12.27,15.11
0.71,710.5,269.5,220.5,3.5,5,0.25,5,12.27,15.11
0.69,735.0,294.0,220.5,3.5,2,0.25,5,12.39,14.95
0.69,735.0,294.0,220.5,3.5,3,0.25,5,12.39,14.95
0.69,735.0,294.0,220.5,3.5,4,0.25,5,12.39,14.95
0.69,735.0,294.0,220.5,3.5,5,0.25,5,12.39,14.95
0.66,759.5,318.5,220.5,3.5,2,0.25,5,12.93,15.93
0.66,759.5,318.5,220.5,3.5,3,0.25,5,12.93,15.93
0.66,759.5,318.5,220.5,3.5,4,0.25,5,12.93,15.93
0.66,759.5,318.5,220.5,3.5,5,0.25,5,12.93,15.93
0.64,784.0,343.0,220.5,3.5,2,0.25,5,16.62,20.24
0.64,784.0,343.0,220.5,3.5,3,0.25,5,16.62,20.24
0.64,784.0,343.0,220.5,3.5,4,0.25,5,16.62,20.24
0.64,784.0,343.0,220.5,3.5,5,0.25,5,16.62,20.24
0.62,808.5,367.5,220.5,3.5,2,0.25,5,14.18,15.38
0.62,808.5,367.5,220.5,3.5,3,0.25,5,14.18,15.38
0.62,808.5,367.5,220.5,3.5,4,0.25,5,14.18,15.38
0.62,808.5,367.5,220.5,3.5,5,0.25,5,14.18,15.38
0.98,514.5,294.0,110.25,7.0,2,0.4,1,32.59,33.43
0.98,514.5,294.0,110.25,7.0,3,0.4,1,32.59,33.43
0.98,514.5,294.0,110.25,7.0,4,0.4,1,32.59,33.43
0.98,514.5,294.0,110.25,7.0,5,0.4,1,32.59,33.43
0.9,563.5,318.5,122.5,7.0,2,0.4,1,36.26,37.94
0.9,563.5,318.5,122.5,7.0,3,0.4,1,36.26,37.94
0.9,563.5,318.5,122.5,7.0,4,0.4,1,36.26,37.94
0.9,563.5,318.5,122.5,7.0,5,0.4,1,36.26,37.94
0.86,588.0,294.0,147.0,7.0,2,0.4,1,31.99,34.31
0.86,588.0,294.0,147.0,7.0,3,0.4,1,31.99,34.31
0.86,588.0,294.0,147.0,7.0,4,0.4,1,31.99,34.31
0.86,588.0,294.0,147.0,7.0,5,0.4,1,31.99,34.31
0.82,612.5,318.5,147.0,7.0,2,0.4,1,29.14,31.21
0.82,612.5,318.5,147.0,7.0,3,0.4,1,29.14,31.21
0.82,612.5,318.5,147.0,7.0,4,0.4,1,29.14,31.21
0.82,612.5,318.5,147.0,7.0,5,0.4,1,29.14,31.21
0.79,637.0,343.0,147.0,7.0,2,0.4,1,42.25,43.32
0.79,637.0,343.0,147.0,7.0,3,0.4,1,42.25,43.32
0.79,637.0,343.0,147.0,7.0,4,0.4,1,42.25,43.32
0.79,637.0,343.0,147.0,7.0,5,0.4,1,42.25,43.32
0.76,661.5,416.5,122.5,7.0,2,0.4,1,40.37,39.05
0.76,661.5,416.5,122.5,7.0,3,0.4,1,40.37,39.05
0.76,661.5,416.5,122.5,7.0,4,0.4,1,40.37,39.05
0.76,661.5,416.5,122.5,7.0,5,0.4,1,40.37,39.05
0.74,686.0,245.0,220.5,3.5,2,0.4,1,14.45,17.0
0.74,686.0,245.0,220.5,3.5,3,0.4,1,14.45,17.0
0.74,686.0,245.0,220.5,3.5,4,0.4,1,14.45,17.0
0.74,686.0,245.0,220.5,3.5,5,0.4,1,14.45,17.0
0.71,710.5,269.5,220.5,3.5,2,0.4,1,14.49,17.28
0.71,710.5,269.5,220.5,3.5,3,0.4,1,14.49,17.28
0.71,710.5,269.5,220.5,3.5,4,0.4,1,14.49,17.28
0.71,710.5,269.5,220.5,3.5,5,0.4,1,14.49,17.28
0.69,735.0,294.0,220.5,3.5,2,0.4,1,14.47,16.91
0.69,735.0,294.0,220.5,3.5,3,0.4,1,14.47,16.91
0.69,735.0,294.0,220.5,3.5,4,0.4,1,14.47,16.91
0.69,735.0,294.0,220.5,3.5,5,0.4,1,14.47,16.91
0.66,759.5,318.5,220.5,3.5,2,0.4,1,15.21,18.06
0.66,759.5,318.5,220.5,3.5,3,0.4,1,15.21,18.06
0.66,759.5,318.5,220.5,3.5,4,0.4,1,15.21,18.06
0.66,759.5,318.5,220.5,3.5,5,0.4,1,15.21,18.06
0.64,784.0,343.0,220.5,3.5,2,0.4,1,19.35,22.3
0.64,784.0,343.0,220.5,3.5,3,0.4,1,19.35,22.3
0.64,784.0,343.0,220.5,3.5,4,0.4,1,19.35,22.3
0.64,784.0,343.0,220.5,3.5,5,0.4,1,19.35,22.3
0.62,808.5,367.5,220.5,3.5,2,0.4,1,16.87,17.44
0.62,808.5,367.5,220.5,3.5,3,0.4,1,16.87,17.44
0.62,808.5,367.5,220.5,3.5,4,0.4,1,16.87,17.44
0.62,808.5,367.5,220.5,3.5,5,0.4,1,16.87,17.44
0.98,514.5,294.0,110.25,7.0,2,0.4,2,32.61,33.04
0.98,514.5,294.0,110.25,7.0,3,0.4,2,32.61,33.04
0.98,514.5,294.0,110.25,7.0,4,0.4,2,32.61,33.04
0.98,514.5,294.0,110.25,7.0,5,0.4,2,32.61,33.04
0.9,563.5,318.5,122.5,7.0,2,0.4,2,35.57,37.18
0.9,563.5,318.5,122.5,7.0,3,0.4,2,35.57,37.18
0.9,563.5,318.5,122.5,7.0,4,0.4,2,35.57,37.18
0.9,563.5,318.5,122.5,7.0,5,0.4,2,35.57,37.18
0.86,588.0,294.0,147.0,7.0,2,0.4,2,32.07,33.52
0.86,588.0,294.0,147.0,7.0,3,0.4,2,32.07,33.52
0.86,588.0,294.0,147.0,7.0,4,0.4,2,32.07,33.52
0.86,588.0,294.0,147.0,7.0,5,0.4,2,32.07,33.52
0.82,612.5,318.5,147.0,7.0,2,0.4,2,29.03,31.0
0.82,612.5,318.5,147.0,7.0,3,0.4,2,29.03,31.0
0.82,612.5,318.5,147.0,7.0,4,0.4,2,29.03,31.0
0.82,612.5,318.5,147.0,7.0,5,0.4,2,29.03,31.0
0.79,637.0,343.0,147.0,7.0,2,0.4,2,42.22,43.18
0.79,637.0,343.0,147.0,7.0,3,0.4,2,42.22,43.18
0.79,637.0,343.0,147.0,7.0,4,0.4,2,42.22,43.18
0.79,637.0,343.0,147.0,7.0,5,0.4,2,42.22,43.18
0.76,661.5,416.5,122.5,7.0,2,0.4,2,40.16,38.92
0.76,661.5,416.5,122.5,7.0,3,0.4,2,40.16,38.92
0.76,661.5,416.5,122.5,7.0,4,0.4,2,40.16,38.92
0.76,661.5,416.5,122.5,7.0,5,0.4,2,40.16,38.92
0.74,686.0,245.0,220.5,3.5,2,0.4,2,14.42,16.85
0.74,686.0,245.0,220.5,3.5,3,0.4,2,14.42,16.85
0.74,686.0,245.0,220.5,3.5,4,0.4,2,14.42,16.85
0.74,686.0,245.0,220.5,3.5,5,0.4,2,14.42,16.85
0.71,710.5,269.5,220.5,3.5,2,0.4,2,14.51,17.21
0.71,710.5,269.5,220.5,3.5,3,0.4,2,14.51,17.21
0.71,710.5,269.5,220.5,3.5,4,0.4,2,14.51,17.21
0.71,710.5,269.5,220.5,3.5,5,0.4,2,14.51,17.21
0.69,735.0,294.0,220.5,3.5,2,0.4,2,14.49,17.14
0.69,735.0,294.0,220.5,3.5,3,0.4,2,14.49,17.14
0.69,735.0,294.0,220.5,3.5,4,0.4,2,14.49,17.14
0.69,735.0,294.0,220.5,3.5,5,0.4,2,14.49,17.14
0.66,759.5,318.5,220.5,3.5,2,0.4,2,15.17,17.85
0.66,759.5,318.5,220.5,3.5,3,0.4,2,15.17,17.85
0.66,759.5,318.5,220.5,3.5,4,0.4,2,15.17,17.85
0.66,759.5,318.5,220.5,3.5,5,0.4,2,15.17,17.85
0.64,784.0,343.0,220.5,3.5,2,0.4,2,19.07,22.16
0.64,784.0,343.0,220.5,3.5,3,0.4,2,19.07,22.16
0.64,784.0,343.0,220.5,3.5,4,0.4,2,19.07,22.16
0.64,784.0,343.0,220.5,3.5,5,0.4,2,19.07,22.16
0.62,808.5,367.5,220.5,3.5,2,0.4,2,16.89,17.3
0.62,808.5,367.5,220.5,3.5,3,0.4,2,16.89,17.3
0.62,808.5,367.5,220.5,3.5,4,0.4,2,16.89,17.3
0.62,808.5,367.5,220.5,3.5,5,0.4,2,16.89,17.3
0.98,514.5,294.0,110.25,7.0,2,0.4,3,32.61,32.77
0.98,514.5,294.0,110.25,7.0,3,0.4,3,32.61,32.77
0.98,514.5,294.0,110.25,7.0,4,0.4,3,32.61,32.77
0.98,514.5,294.0,110.25,7.0,5,0.4,3,32.61,32.77
0.9,563.5,318.5,122.5,7.0,2,0.4,3,35.05,36.13
0.9,563.5,318.5,122.5,7.0,3,0.4,3,35.05,36.13
0.9,563.5,318.5,122.5,7.0,4,0.4,3,35.05,36.13
0.9,563.5,318.5,122.5,7.0,5,0.4,3,35.05,36.13
0.86,588.0,294.0,147.0,7.0,2,0.4,3,32.07,33.07
0.86,588.0,294.0,147.0,7.0,3,0.4,3,32.07,33.07
0.86,588.0,294.0,147.0,7.0,4,0.4,3,32.07,33.07
0.86,588.0,294.0,147.0,7.0,5,0.4,3,32.07,33.07
0.82,612.5,318.5,147.0,7.0,2,0.4,3,29.04,30.34
0.82,612.5,318.5,147.0,7.0,3,0.4,3,29.04,30.34
0.82,612.5,318.5,147.0,7.0,4,0.4,3,29.04,30.34
0.82,612.5,318.5,147.0,7.0,5,0.4,3,29.04,30.34
0.79,637.0,343.0,147.0,7.0,2,0.4,3,41.58,43.18
0.79,637.0,343.0,147.0,7.0,3,0.4,3,41.58,43.18
0.79,637.0,343.0,147.0,7.0,4,0.4,3,41.58,43.18
0.79,637.0,343.0,147.0,7.0,5,0.4,3,41.58,43.18
0.76,661.5,416.5,122.5,7.0,2,0.4,3,39.74,38.92
0.76,661.5,416.5,122.5,7.0,3,0.4,3,39.74,38.92
0.76,661.5,416.5,122.5,7.0,4,0.4,3,39.74,38.92
0.76,661.5,416.5,122.5,7.0,5,0.4,3,39.74,38.92
0.74,686.0,245.0,220.5,3.5,2,0.4,3,14.04,16.17
0.74,686.0,245.0,220.5,3.5,3,0.4,3,14.04,16.17
0.74,686.0,245.0,220.5,3.5,4,0.4,3,14.04,16.17
0.74,686.0,245.0,220.5,3.5,5,0.4,3,14.04,16.17
0.71,710.5,269.5,220.5,3.5,2,0.4,3,13.85,16.12
0.71,710.5,269.5,220.5,3.5,3,0.4,3,13.85,16.12
0.71,710.5,269.5,220.5,3.5,4,0.4,3,13.85,16.12
0.71,710.5,269.5,220.5,3.5,5,0.4,3,13.85,16.12
0.69,735.0,294.0,220.5,3.5,2,0.4,3,14.27,16.55
0.69,735.0,294.0,220.5,3.5,3,0.4,3,14.27,16.55
0.69,735.0,294.0,220.5,3.5,4,0.4,3,14.27,16.55
0.69,735.0,294.0,220.5,3.5,5,0.4,3,14.27,16.55
0.66,759.5,318.5,220.5,3.5,2,0.4,3,15.05,17.75
0.66,759.5,318.5,220.5,3.5,3,0.4,3,15.05,17.75
0.66,759.5,318.5,220.5,3.5,4,0.4,3,15.05,17.75
0.66,759.5,318.5,220.5,3.5,5,0.4,3,15.05,17.75
0.64,784.0,343.0,220.5,3.5,2,0.4,3,18.54,22.16
0.64,784.0,343.0,220.5,3.5,3,0.4,3,18.54,22.16
0.64,784.0,343.0,220.5,3.5,4,0.4,3,18.54,22.16
0.64,784.0,343.0,220.5,3.5,5,0.4,3,18.54,22.16
0.62,808.5,367.5,220.5,3.5,2,0.4,3,16.47,17.3
0.62,808.5,367.5,220.5,3.5,3,0.4,3,16.47,17.3
0.62,808.5,367.5,220.5,3.5,4,0.4,3,16.47,17.3
0.62,808.5,367.5,220.5,3.5,5,0.4,3,16.47,17.3
0.98,514.5,294.0,110.25,7.0,2,0.4,4,32.62,33.06
0.98,514.5,294.0,110.25,7.0,3,0.4,4,32.62,33.06
0.98,514.5,294.0,110.25,7.0,4,0.4,4,32.62,33.06
0.98,514.5,294.0,110.25,7.0,5,0.4,4,32.62,33.06
0.9,563.5,318.5,122.5,7.0,2,0.4,4,35.78,36.39
0.9,563.5,318.5,122.5,7.0,3,0.4,4,35.78,36.39
0.9,563.5,318.5,122.5,7.0,4,0.4,4,35.78,36.39
0.9,563.5,318.5,122.5,7.0,5,0.4,4,35.78,36.39
0.86,588.0,294.0,147.0,7.0,2,0.4,4,32.11,33.35
0.86,588.0,294.0,147.0,7.0,3,0.4,4,32.11,33.35
0.86,588.0,294.0,147.0,7.0,4,0.4,4,32.11,33.35
0.86,588.0,294.0,147.0,7.0,5,0.4,4,32.11,33.35
0.82,612.5,318.5,147.0,7.0,2,0.4,4,29.03,30.62
0.82,612.5,318.5,147.0,7.0,3,0.4,4,29.03,30.62
0.82,612.5,318.5,147.0,7.0,4,0.4,4,29.03,30.62
0.82,612.5,318.5,147.0,7.0,5,0.4,4,29.03,30.62
0.79,637.0,343.0,147.0,7.0,2,0.4,4,42.08,43.23
0.79,637.0,343.0,147.0,7.0,3,0.4,4,42.08,43.23
0.79,637.0,343.0,147.0,7.0,4,0.4,4,42.08,43.23
0.79,637.0,343.0,147.0,7.0,5,0.4,4,42.08,43.23
0.76,661.5,416.5,122.5,7.0,2,0.4,4,40.21,38.97
0.76,661.5,416.5,122.5,7.0,3,0.4,4,40.21,38.97
0.76,661.5,416.5,122.5,7.0,4,0.4,4,40.21,38.97
0.76,661.5,416.5,122.5,7.0,5,0.4,4,40.21,38.97
0.74,686.0,245.0,220.5,3.5,2,0.4,4,14.34,16.89
0.74,686.0,245.0,220.5,3.5,3,0.4,4,14.34,16.89
0.74,686.0,245.0,220.5,3.5,4,0.4,4,14.34,16.89
0.74,686.0,245.0,220.5,3.5,5,0.4,4,14.34,16.89
0.71,710.5,269.5,220.5,3.5,2,0.4,4,14.37,17.2
0.71,710.5,269.5,220.5,3.5,3,0.4,4,14.37,17.2
0.71,710.5,269.5,220.5,3.5,4,0.4,4,14.37,17.2
0.71,710.5,269.5,220.5,3.5,5,0.4,4,14.37,17.2
0.69,735.0,294.0,220.5,3.5,2,0.4,4,14.53,17.08
0.69,735.0,294.0,220.5,3.5,3,0.4,4,14.53,17.08
0.69,735.0,294.0,220.5,3.5,4,0.4,4,14.53,17.08
0.69,735.0,294.0,220.5,3.5,5,0.4,4,14.53,17.08
0.66,759.5,318.5,220.5,3.5,2,0.4,4,15.1,18.0
0.66,759.5,318.5,220.5,3.5,3,0.4,4,15.1,18.0
0.66,759.5,318.5,220.5,3.5,4,0.4,4,15.1,18.0
0.66,759.5,318.5,220.5,3.5,5,0.4,4,15.1,18.0
0.64,784.0,343.0,220.5,3.5,2,0.4,4,18.9,22.21
0.64,784.0,343.0,220.5,3.5,3,0.4,4,18.9,22.21
0.64,784.0,343.0,220.5,3.5,4,0.4,4,18.9,22.21
0.64,784.0,343.0,220.5,3.5,5,0.4,4,18.9,22.21
0.62,808.5,367.5,220.5,3.5,2,0.4,4,16.85,17.36
0.62,808.5,367.5,220.5,3.5,3,0.4,4,16.85,17.36
0.62,808.5,367.5,220.5,3.5,4,0.4,4,16.85,17.36
0.62,808.5,367.5,220.5,3.5,5,0.4,4,16.85,17.36
0.98,514.5,294.0,110.25,7.0,2,0.4,5,32.62,32.98
0.98,514.5,294.0,110.25,7.0,3,0.4,5,32.62,32.98
0.98,514.5,294.0,110.25,7.0,4,0.4,5,32.62,32.98
0.98,514.5,294.0,110.25,7.0,5,0.4,5,32.62,32.98
0.9,563.5,318.5,122.5,7.0,2,0.4,5,35.29,36.23
0.9,563.5,318.5,122.5,7.0,3,0.4,5,35.29,36.23
0.9,563.5,318.5,122.5,7.0,4,0.4,5,35.29,36.23
0.9,563.5,318.5,122.5,7.0,5,0.4,5,35.29,36.23
0.86,588.0,294.0,147.0,7.0,2,0.4,5,32.11,33.08
0.86,588.0,294.0,147.0,7.0,3,0.4,5,32.11,33.08
0.86,588.0,294.0,147.0,7.0,4,0.4,5,32.11,33.08
0.86,588.0,294.0,147.0,7.0,5,0.4,5,32.11,33.08
0.82,612.5,318.5,147.0,7.0,2,0.4,5,29.38,30.97
0.82,612.5,318.5,147.0,7.0,3,0.4,5,29.38,30.97
0.82,612.5,318.5,147.0,7.0,4,0.4,5,29.38,30.97
0.82,612.5,318.5,147.0,7.0,5,0.4,5,29.38,30.97
0.79,637.0,343.0,147.0,7.0,2,0.4,5,41.34,43.1
0.79,637.0,343.0,147.0,7.0,3,0.4,5,41.34,43.1
0.79,637.0,343.0,147.0,7.0,4,0.4,5,41.34,43.1
0.79,637.0,343.0,147.0,7.0,5,0.4,5,41.34,43.1
0.76,661.5,416.5,122.5,7.0,2,0.4,5,39.47,38.84
0.76,661.5,416.5,122.5,7.0,3,0.4,5,39.47,38.84
0.76,661.5,416.5,122.5,7.0,4,0.4,5,39.47,38.84
0.76,661.5,416.5,122.5,7.0,5,0.4,5,39.47,38.84
0.74,686.0,245.0,220.5,3.5,2,0.4,5,14.25,16.71
0.74,686.0,245.0,220.5,3.5,3,0.4,5,14.25,16.71
0.74,686.0,245.0,220.5,3.5,4,0.4,5,14.25,16.71
0.74,686.0,245.0,220.5,3.5,5,0.4,5,14.25,16.71
0.71,710.5,269.5,220.5,3.5,2,0.4,5,12.61,15.25
0.71,710.5,269.5,220.5,3.5,3,0.4,5,12.61,15.25
0.71,710.5,269.5,220.5,3.5,4,0.4,5,12.61,15.25
0.71,710.5,269.5,220.5,3.5,5,0.4,5,12.61,15.25
0.69,735.0,294.0,220.5,3.5,2,0.4,5,13.85,16.67
0.69,735.0,294.0,220.5,3.5,3,0.4,5,13.85,16.67
0.69,735.0,294.0,220.5,3.5,4,0.4,5,13.85,16.67
0.69,735.0,294.0,220.5,3.5,5,0.4,5,13.85,16.67
0.66,759.5,318.5,220.5,3.5,2,0.4,5,14.88,17.8
0.66,759.5,318.5,220.5,3.5,3,0.4,5,14.88,17.8
0.66,759.5,318.5,220.5,3.5,4,0.4,5,14.88,17.8
0.66,759.5,318.5,220.5,3.5,5,0.4,5,14.88,17.8
0.64,784.0,343.0,220.5,3.5,2,0.4,5,18.36,22.08
0.64,784.0,343.0,220.5,3.5,3,0.4,5,18.36,22.08
0.64,784.0,343.0,220.5,3.5,4,0.4,5,18.36,22.08
0.64,784.0,343.0,220.5,3.5,5,0.4,5,18.36,22.08
0.62,808.5,367.5,220.5,3.5,2,0.4,5,16.27,17.23
0.62,808.5,367.5,220.5,3.5,3,0.4,5,16.27,17.23
0.62,808.5,367.5,220.5,3.5,4,0.4,5,16.27,17.23
0.62,808.5,367.5,220.5,3.5,5,0.4,5,16.27,17.23
