ID,X1,X2,X3,X4,X5,X6,X7,X8,Y1,Y2
23,0.7599999904632568,661.5,416.5,122.5,7.0,5.0,0.0,0.0,23.93000030517578,29.399999618530273
114,0.7900000214576721,637.0,343.0,147.0,7.0,4.0,0.10000000149011612,2.0,36.970001220703125,33.869998931884766
660,0.6600000262260437,759.5,318.5,220.5,3.5,2.0,0.4000000059604645,3.0,15.15999984741211,17.040000915527344
53,0.8999999761581421,563.5,318.5,122.5,7.0,3.0,0.10000000149011612,1.0,29.8700008392334,29.8700008392334
110,0.8199999928474426,612.5,318.5,147.0,7.0,4.0,0.10000000149011612,2.0,23.670000076293945,24.799999237060547
91,0.6399999856948853,784.0,343.0,220.5,3.5,5.0,0.10000000149011612,1.0,15.210000038146973,19.31999969482422
128,0.6899999976158142,735.0,294.0,220.5,3.5,2.0,0.10000000149011612,2.0,11.449999809265137,13.199999809265137
363,0.7400000095367432,686.0,245.0,220.5,3.5,5.0,0.25,2.0,12.300000190734863,15.4399995803833
251,0.8600000143051147,588.0,294.0,147.0,7.0,5.0,0.10000000149011612,5.0,26.450000762939453,31.280000686645508
744,0.7400000095367432,686.0,245.0,220.5,3.5,2.0,0.4000000059604645,5.0,14.40999984741211,16.690000534057617
310,0.7599999904632568,661.5,416.5,122.5,7.0,4.0,0.25,1.0,36.90999984741211,37.45000076293945
247,0.8999999761581421,563.5,318.5,122.5,7.0,5.0,0.10000000149011612,5.0,29.020000457763672,33.0099983215332
214,0.7599999904632568,661.5,416.5,122.5,7.0,4.0,0.10000000149011612,4.0,33.09000015258789,33.88999938964844
429,0.6200000047683716,808.5,367.5,220.5,3.5,3.0,0.25,3.0,14.34000015258789,14.960000038146973
117,0.7599999904632568,661.5,416.5,122.5,7.0,3.0,0.10000000149011612,2.0,32.400001525878906,34.06999969482422
547,0.7900000214576721,637.0,343.0,147.0,7.0,5.0,0.4000000059604645,1.0,41.66999816894531,46.939998626708984
144,0.9800000190734863,514.5,294.0,110.25,7.0,2.0,0.10000000149011612,3.0,24.280000686645508,25.68000030517578
718,0.6200000047683716,808.5,367.5,220.5,3.5,4.0,0.4000000059604645,4.0,16.940000534057617,16.579999923706055
567,0.6600000262260437,759.5,318.5,220.5,3.5,5.0,0.4000000059604645,1.0,15.229999542236328,17.950000762939453
120,0.7400000095367432,686.0,245.0,220.5,3.5,2.0,0.10000000149011612,2.0,10.420000076293945,13.390000343322754
504,0.7400000095367432,686.0,245.0,220.5,3.5,2.0,0.25,5.0,12.119999885559082,14.479999542236328
729,0.8600000143051147,588.0,294.0,147.0,7.0,3.0,0.4000000059604645,5.0,31.809999465942383,31.200000762939453
219,0.7400000095367432,686.0,245.0,220.5,3.5,5.0,0.10000000149011612,4.0,10.140000343322754,13.529999732971191
695,0.7599999904632568,661.5,416.5,122.5,7.0,5.0,0.4000000059604645,4.0,40.11000061035156,40.77000045776367
475,0.6399999856948853,784.0,343.0,220.5,3.5,5.0,0.25,4.0,16.6200008392334,19.899999618530273
140,0.6200000047683716,808.5,367.5,220.5,3.5,2.0,0.10000000149011612,2.0,12.880000114440918,14.369999885559082
308,0.7599999904632568,661.5,416.5,122.5,7.0,2.0,0.25,1.0,36.959999084472656,36.849998474121094
483,0.9800000190734863,514.5,294.0,110.25,7.0,5.0,0.25,5.0,28.610000610351562,30.200000762939453
55,0.8999999761581421,563.5,318.5,122.5,7.0,5.0,0.10000000149011612,1.0,28.09000015258789,34.33000183105469
441,0.8600000143051147,588.0,294.0,147.0,7.0,3.0,0.25,4.0,28.420000076293945,34.189998626708984
662,0.6600000262260437,759.5,318.5,220.5,3.5,4.0,0.4000000059604645,3.0,14.720000267028809,18.100000381469727
255,0.8199999928474426,612.5,318.5,147.0,7.0,5.0,0.10000000149011612,5.0,23.860000610351562,27.690000534057617
331,0.6399999856948853,784.0,343.0,220.5,3.5,5.0,0.25,1.0,17.3700008392334,21.079999923706055
129,0.6899999976158142,735.0,294.0,220.5,3.5,3.0,0.10000000149011612,2.0,11.460000038146973,13.539999961853027
530,0.9800000190734863,514.5,294.0,110.25,7.0,4.0,0.4000000059604645,1.0,32.4900016784668,32.83000183105469
631,0.8999999761581421,563.5,318.5,122.5,7.0,5.0,0.4000000059604645,3.0,34.290000915527344,33.310001373291016
551,0.7599999904632568,661.5,416.5,122.5,7.0,5.0,0.4000000059604645,1.0,40.43000030517578,39.47999954223633
649,0.7400000095367432,686.0,245.0,220.5,3.5,3.0,0.4000000059604645,3.0,14.220000267028809,15.390000343322754
701,0.7099999785423279,710.5,269.5,220.5,3.5,3.0,0.4000000059604645,4.0,14.699999809265137,17.200000762939453
646,0.7599999904632568,661.5,416.5,122.5,7.0,4.0,0.4000000059604645,3.0,38.88999938964844,39.65999984741211
476,0.6200000047683716,808.5,367.5,220.5,3.5,2.0,0.25,4.0,14.329999923706055,15.40999984741211
534,0.8999999761581421,563.5,318.5,122.5,7.0,4.0,0.4000000059604645,1.0,36.65999984741211,35.91999816894531
438,0.8999999761581421,563.5,318.5,122.5,7.0,4.0,0.25,4.0,32.06999969482422,36.15999984741211
324,0.6600000262260437,759.5,318.5,220.5,3.5,2.0,0.25,1.0,13.170000076293945,16.389999389648438
439,0.8999999761581421,563.5,318.5,122.5,7.0,5.0,0.25,4.0,33.279998779296875,33.15999984741211
373,0.6600000262260437,759.5,318.5,220.5,3.5,3.0,0.25,2.0,12.930000305175781,15.850000381469727
332,0.6200000047683716,808.5,367.5,220.5,3.5,2.0,0.25,1.0,15.09000015258789,15.770000457763672
623,0.6200000047683716,808.5,367.5,220.5,3.5,5.0,0.4000000059604645,2.0,17.149999618530273,16.989999771118164
33,0.6899999976158142,735.0,294.0,220.5,3.5,3.0,0.0,0.0,6.789999961853027,12.050000190734863
132,0.6600000262260437,759.5,318.5,220.5,3.5,2.0,0.10000000149011612,2.0,11.449999809265137,14.859999656677246
535,0.8999999761581421,563.5,318.5,122.5,7.0,5.0,0.4000000059604645,1.0,35.959999084472656,40.9900016784668
380,0.6200000047683716,808.5,367.5,220.5,3.5,2.0,0.25,2.0,14.34000015258789,15.319999694824219
605,0.7099999785423279,710.5,269.5,220.5,3.5,3.0,0.4000000059604645,2.0,14.65999984741211,17.3700008392334
719,0.6200000047683716,808.5,367.5,220.5,3.5,5.0,0.4000000059604645,4.0,16.770000457763672,16.790000915527344
340,0.8999999761581421,563.5,318.5,122.5,7.0,2.0,0.25,2.0,32.459999084472656,35.560001373291016
706,0.6899999976158142,735.0,294.0,220.5,3.5,4.0,0.4000000059604645,4.0,14.529999732971191,16.899999618530273
501,0.7599999904632568,661.5,416.5,122.5,7.0,3.0,0.25,5.0,36.63999938964844,37.0099983215332
423,0.6600000262260437,759.5,318.5,220.5,3.5,5.0,0.25,3.0,12.84000015258789,16.260000228881836
274,0.6899999976158142,735.0,294.0,220.5,3.5,4.0,0.10000000149011612,5.0,11.109999656677246,14.460000038146973
185,0.6399999856948853,784.0,343.0,220.5,3.5,3.0,0.10000000149011612,3.0,15.359999656677246,19.18000030517578
5,0.8999999761581421,563.5,318.5,122.5,7.0,3.0,0.0,0.0,21.459999084472656,25.3799991607666
751,0.7099999785423279,710.5,269.5,220.5,3.5,5.0,0.4000000059604645,5.0,12.420000076293945,15.3100004196167
28,0.7099999785423279,710.5,269.5,220.5,3.5,2.0,0.0,0.0,6.369999885559082,11.270000457763672
619,0.6399999856948853,784.0,343.0,220.5,3.5,5.0,0.4000000059604645,2.0,19.1200008392334,21.93000030517578
369,0.6899999976158142,735.0,294.0,220.5,3.5,3.0,0.25,2.0,12.869999885559082,15.850000381469727
420,0.6600000262260437,759.5,318.5,220.5,3.5,2.0,0.25,3.0,12.970000267028809,15.529999732971191
277,0.6600000262260437,759.5,318.5,220.5,3.5,3.0,0.10000000149011612,5.0,11.34000015258789,14.8100004196167
105,0.8600000143051147,588.0,294.0,147.0,7.0,3.0,0.10000000149011612,2.0,27.020000457763672,25.6299991607666
313,0.7400000095367432,686.0,245.0,220.5,3.5,3.0,0.25,1.0,12.5,15.5
123,0.7400000095367432,686.0,245.0,220.5,3.5,5.0,0.10000000149011612,2.0,10.449999809265137,13.789999961853027
477,0.6200000047683716,808.5,367.5,220.5,3.5,3.0,0.25,4.0,14.609999656677246,15.5600004196167
42,0.6399999856948853,784.0,343.0,220.5,3.5,4.0,0.0,0.0,10.770000457763672,16.75
320,0.6899999976158142,735.0,294.0,220.5,3.5,2.0,0.25,1.0,12.779999732971191,15.210000038146973
153,0.8600000143051147,588.0,294.0,147.0,7.0,3.0,0.10000000149011612,3.0,26.469999313354492,31.010000228881836
178,0.6899999976158142,735.0,294.0,220.5,3.5,4.0,0.10000000149011612,3.0,11.100000381469727,14.670000076293945
323,0.6899999976158142,735.0,294.0,220.5,3.5,5.0,0.25,1.0,12.720000267028809,15.779999732971191
538,0.8600000143051147,588.0,294.0,147.0,7.0,4.0,0.4000000059604645,1.0,32.09000015258789,31.700000762939453
248,0.8600000143051147,588.0,294.0,147.0,7.0,2.0,0.10000000149011612,5.0,27.030000686645508,25.81999969482422
50,0.9800000190734863,514.5,294.0,110.25,7.0,4.0,0.10000000149011612,1.0,24.6299991607666,26.440000534057617
733,0.8199999928474426,612.5,318.5,147.0,7.0,3.0,0.4000000059604645,5.0,29.5,29.559999465942383
548,0.7599999904632568,661.5,416.5,122.5,7.0,2.0,0.4000000059604645,1.0,40.779998779296875,39.54999923706055
514,0.6899999976158142,735.0,294.0,220.5,3.5,4.0,0.25,5.0,12.180000305175781,15.220000267028809
95,0.6200000047683716,808.5,367.5,220.5,3.5,5.0,0.10000000149011612,1.0,13.020000457763672,14.270000457763672
485,0.8999999761581421,563.5,318.5,122.5,7.0,3.0,0.25,5.0,32.310001373291016,32.0
608,0.6899999976158142,735.0,294.0,220.5,3.5,2.0,0.4000000059604645,2.0,14.75,16.440000534057617
758,0.6600000262260437,759.5,318.5,220.5,3.5,4.0,0.4000000059604645,5.0,14.920000076293945,17.549999237060547
88,0.6399999856948853,784.0,343.0,220.5,3.5,2.0,0.10000000149011612,1.0,15.40999984741211,19.3700008392334
645,0.7599999904632568,661.5,416.5,122.5,7.0,3.0,0.4000000059604645,3.0,39.84000015258789,38.47999954223633
82,0.6899999976158142,735.0,294.0,220.5,3.5,4.0,0.10000000149011612,1.0,11.09000015258789,14.300000190734863
377,0.6399999856948853,784.0,343.0,220.5,3.5,3.0,0.25,2.0,16.84000015258789,20.559999465942383
49,0.9800000190734863,514.5,294.0,110.25,7.0,3.0,0.10000000149011612,1.0,24.6299991607666,26.3700008392334
10,0.8600000143051147,588.0,294.0,147.0,7.0,4.0,0.0,0.0,19.34000015258789,23.489999771118164
657,0.6899999976158142,735.0,294.0,220.5,3.5,3.0,0.4000000059604645,3.0,14.5600004196167,15.84000015258789
465,0.6899999976158142,735.0,294.0,220.5,3.5,3.0,0.25,4.0,12.949999809265137,15.729999542236328
467,0.6899999976158142,735.0,294.0,220.5,3.5,5.0,0.25,4.0,12.859999656677246,16.1299991607666
225,0.6899999976158142,735.0,294.0,220.5,3.5,3.0,0.10000000149011612,4.0,11.220000267028809,14.489999771118164
664,0.6399999856948853,784.0,343.0,220.5,3.5,2.0,0.4000000059604645,3.0,18.479999542236328,20.780000686645508
137,0.6399999856948853,784.0,343.0,220.5,3.5,3.0,0.10000000149011612,2.0,15.180000305175781,19.34000015258789
612,0.6600000262260437,759.5,318.5,220.5,3.5,2.0,0.4000000059604645,2.0,15.34000015258789,17.850000381469727
382,0.6200000047683716,808.5,367.5,220.5,3.5,4.0,0.25,2.0,14.600000381469727,15.140000343322754
398,0.8199999928474426,612.5,318.5,147.0,7.0,4.0,0.25,3.0,25.3700008392334,26.950000762939453
83,0.6899999976158142,735.0,294.0,220.5,3.5,5.0,0.10000000149011612,1.0,11.15999984741211,14.449999809265137
264,0.7400000095367432,686.0,245.0,220.5,3.5,2.0,0.10000000149011612,5.0,10.470000267028809,13.649999618530273
245,0.8999999761581421,563.5,318.5,122.5,7.0,3.0,0.10000000149011612,5.0,29.079999923706055,29.520000457763672
461,0.7099999785423279,710.5,269.5,220.5,3.5,3.0,0.25,4.0,12.489999771118164,15.09000015258789
361,0.7400000095367432,686.0,245.0,220.5,3.5,3.0,0.25,2.0,12.449999809265137,15.100000381469727
463,0.7099999785423279,710.5,269.5,220.5,3.5,5.0,0.25,4.0,12.279999732971191,15.640000343322754
241,0.9800000190734863,514.5,294.0,110.25,7.0,3.0,0.10000000149011612,5.0,24.329999923706055,25.979999542236328
286,0.6200000047683716,808.5,367.5,220.5,3.5,4.0,0.10000000149011612,5.0,12.800000190734863,13.989999771118164
374,0.6600000262260437,759.5,318.5,220.5,3.5,4.0,0.25,2.0,12.770000457763672,16.219999313354492
118,0.7599999904632568,661.5,416.5,122.5,7.0,4.0,0.10000000149011612,2.0,33.119998931884766,34.16999816894531
261,0.7599999904632568,661.5,416.5,122.5,7.0,3.0,0.10000000149011612,5.0,33.209999084472656,34.349998474121094
237,0.6200000047683716,808.5,367.5,220.5,3.5,3.0,0.10000000149011612,4.0,13.039999961853027,14.34000015258789
194,0.9800000190734863,514.5,294.0,110.25,7.0,4.0,0.10000000149011612,4.0,24.040000915527344,26.18000030517578
456,0.7400000095367432,686.0,245.0,220.5,3.5,2.0,0.25,4.0,12.319999694824219,14.920000076293945
60,0.8199999928474426,612.5,318.5,147.0,7.0,2.0,0.10000000149011612,1.0,23.530000686645508,27.309999465942383
391,0.8999999761581421,563.5,318.5,122.5,7.0,5.0,0.25,3.0,32.290000915527344,32.459999084472656
67,0.7900000214576721,637.0,343.0,147.0,7.0,5.0,0.10000000149011612,1.0,35.939998626708984,43.33000183105469
506,0.7400000095367432,686.0,245.0,220.5,3.5,4.0,0.25,5.0,11.640000343322754,14.8100004196167
414,0.7099999785423279,710.5,269.5,220.5,3.5,4.0,0.25,3.0,12.100000381469727,15.569999694824219
549,0.7599999904632568,661.5,416.5,122.5,7.0,3.0,0.4000000059604645,1.0,39.970001220703125,40.849998474121094
125,0.7099999785423279,710.5,269.5,220.5,3.5,3.0,0.10000000149011612,2.0,10.720000267028809,14.109999656677246
197,0.8999999761581421,563.5,318.5,122.5,7.0,3.0,0.10000000149011612,4.0,28.049999237060547,33.90999984741211
720,0.9800000190734863,514.5,294.0,110.25,7.0,2.0,0.4000000059604645,5.0,32.84000015258789,32.880001068115234
416,0.6899999976158142,735.0,294.0,220.5,3.5,2.0,0.25,3.0,12.34000015258789,14.920000076293945
370,0.6899999976158142,735.0,294.0,220.5,3.5,4.0,0.25,2.0,12.729999542236328,15.65999984741211
500,0.7599999904632568,661.5,416.5,122.5,7.0,2.0,0.25,5.0,35.689998626708984,36.93000030517578
594,0.7900000214576721,637.0,343.0,147.0,7.0,4.0,0.4000000059604645,2.0,42.7400016784668,38.84000015258789
134,0.6600000262260437,759.5,318.5,220.5,3.5,4.0,0.10000000149011612,2.0,11.329999923706055,15.0
201,0.8600000143051147,588.0,294.0,147.0,7.0,3.0,0.10000000149011612,4.0,25.3700008392334,31.760000228881836
670,0.6200000047683716,808.5,367.5,220.5,3.5,4.0,0.4000000059604645,3.0,16.549999237060547,16.559999465942383
570,0.6399999856948853,784.0,343.0,220.5,3.5,4.0,0.4000000059604645,1.0,19.479999542236328,22.719999313354492
360,0.7400000095367432,686.0,245.0,220.5,3.5,2.0,0.25,2.0,12.350000381469727,14.729999542236328
707,0.6899999976158142,735.0,294.0,220.5,3.5,5.0,0.4000000059604645,4.0,14.710000038146973,17.389999389648438
79,0.7099999785423279,710.5,269.5,220.5,3.5,5.0,0.10000000149011612,1.0,10.75,14.270000457763672
210,0.7900000214576721,637.0,343.0,147.0,7.0,4.0,0.10000000149011612,4.0,35.45000076293945,41.86000061035156
505,0.7400000095367432,686.0,245.0,220.5,3.5,3.0,0.25,5.0,11.670000076293945,14.579999923706055
16,0.7900000214576721,637.0,343.0,147.0,7.0,2.0,0.0,0.0,28.520000457763672,37.72999954223633
402,0.7900000214576721,637.0,343.0,147.0,7.0,4.0,0.25,3.0,39.810001373291016,37.7599983215332
63,0.8199999928474426,612.5,318.5,147.0,7.0,5.0,0.10000000149011612,1.0,22.579999923706055,28.510000228881836
725,0.8999999761581421,563.5,318.5,122.5,7.0,3.0,0.4000000059604645,5.0,35.0099983215332,33.13999938964844
642,0.7900000214576721,637.0,343.0,147.0,7.0,4.0,0.4000000059604645,3.0,42.4900016784668,38.810001373291016
508,0.7099999785423279,710.5,269.5,220.5,3.5,2.0,0.25,5.0,12.270000457763672,15.270000457763672
490,0.8600000143051147,588.0,294.0,147.0,7.0,4.0,0.25,5.0,28.309999465942383,34.150001525878906
253,0.8199999928474426,612.5,318.5,147.0,7.0,3.0,0.10000000149011612,5.0,23.889999389648438,24.770000457763672
723,0.9800000190734863,514.5,294.0,110.25,7.0,5.0,0.4000000059604645,5.0,32.72999954223633,34.0099983215332
650,0.7400000095367432,686.0,245.0,220.5,3.5,4.0,0.4000000059604645,3.0,14.100000381469727,16.56999969482422
330,0.6399999856948853,784.0,343.0,220.5,3.5,4.0,0.25,1.0,17.520000457763672,21.09000015258789
327,0.6600000262260437,759.5,318.5,220.5,3.5,5.0,0.25,1.0,13.180000305175781,16.190000534057617
80,0.6899999976158142,735.0,294.0,220.5,3.5,2.0,0.10000000149011612,1.0,11.109999656677246,14.279999732971191
139,0.6399999856948853,784.0,343.0,220.5,3.5,5.0,0.10000000149011612,2.0,15.1899995803833,19.299999237060547
213,0.7599999904632568,661.5,416.5,122.5,7.0,3.0,0.10000000149011612,4.0,32.380001068115234,33.619998931884766
328,0.6399999856948853,784.0,343.0,220.5,3.5,2.0,0.25,1.0,17.5,21.1299991607666
497,0.7900000214576721,637.0,343.0,147.0,7.0,3.0,0.25,5.0,39.83000183105469,36.65999984741211
13,0.8199999928474426,612.5,318.5,147.0,7.0,3.0,0.0,0.0,17.40999984741211,21.459999084472656
379,0.6399999856948853,784.0,343.0,220.5,3.5,5.0,0.25,2.0,17.110000610351562,20.43000030517578
169,0.7400000095367432,686.0,245.0,220.5,3.5,3.0,0.10000000149011612,3.0,10.34000015258789,13.359999656677246
588,0.8199999928474426,612.5,318.5,147.0,7.0,2.0,0.4000000059604645,2.0,28.950000762939453,30.34000015258789
30,0.7099999785423279,710.5,269.5,220.5,3.5,4.0,0.0,0.0,6.366000175476074,11.289999961853027
145,0.9800000190734863,514.5,294.0,110.25,7.0,3.0,0.10000000149011612,3.0,24.399999618530273,26.020000457763672
351,0.8199999928474426,612.5,318.5,147.0,7.0,5.0,0.25,2.0,24.940000534057617,29.8799991607666
553,0.7400000095367432,686.0,245.0,220.5,3.5,3.0,0.4000000059604645,1.0,14.609999656677246,17.25
639,0.8199999928474426,612.5,318.5,147.0,7.0,5.0,0.4000000059604645,3.0,28.90999984741211,29.639999389648438
528,0.9800000190734863,514.5,294.0,110.25,7.0,2.0,0.4000000059604645,1.0,32.2599983215332,33.369998931884766
677,0.8999999761581421,563.5,318.5,122.5,7.0,3.0,0.4000000059604645,4.0,35.72999954223633,39.91999816894531
211,0.7900000214576721,637.0,343.0,147.0,7.0,5.0,0.10000000149011612,4.0,37.099998474121094,35.290000915527344
378,0.6399999856948853,784.0,343.0,220.5,3.5,4.0,0.25,2.0,17.020000457763672,20.479999542236328
691,0.7900000214576721,637.0,343.0,147.0,7.0,5.0,0.4000000059604645,4.0,42.959999084472656,39.560001373291016
674,0.9800000190734863,514.5,294.0,110.25,7.0,4.0,0.4000000059604645,4.0,32.209999084472656,33.95000076293945
111,0.8199999928474426,612.5,318.5,147.0,7.0,5.0,0.10000000149011612,2.0,22.790000915527344,28.790000915527344
72,0.7400000095367432,686.0,245.0,220.5,3.5,2.0,0.10000000149011612,1.0,10.359999656677246,13.430000305175781
234,0.6399999856948853,784.0,343.0,220.5,3.5,4.0,0.10000000149011612,4.0,15.319999694824219,19.420000076293945
293,0.8999999761581421,563.5,318.5,122.5,7.0,3.0,0.25,1.0,33.47999954223633,33.16999816894531
610,0.6899999976158142,735.0,294.0,220.5,3.5,4.0,0.4000000059604645,2.0,14.329999923706055,17.229999542236328
452,0.7599999904632568,661.5,416.5,122.5,7.0,2.0,0.25,4.0,36.95000076293945,37.20000076293945
447,0.8199999928474426,612.5,318.5,147.0,7.0,5.0,0.25,4.0,26.0,27.34000015258789
449,0.7900000214576721,637.0,343.0,147.0,7.0,3.0,0.25,4.0,38.84000015258789,45.47999954223633
520,0.6399999856948853,784.0,343.0,220.5,3.5,2.0,0.25,5.0,16.729999542236328,20.1299991607666
113,0.7900000214576721,637.0,343.0,147.0,7.0,3.0,0.10000000149011612,2.0,37.2599983215332,34.619998931884766
375,0.6600000262260437,759.5,318.5,220.5,3.5,5.0,0.25,2.0,13.0,15.869999885559082
355,0.7900000214576721,637.0,343.0,147.0,7.0,5.0,0.25,2.0,38.97999954223633,45.970001220703125
99,0.9800000190734863,514.5,294.0,110.25,7.0,5.0,0.10000000149011612,2.0,24.25,25.889999389648438
222,0.7099999785423279,710.5,269.5,220.5,3.5,4.0,0.10000000149011612,4.0,10.529999732971191,13.789999961853027
755,0.6899999976158142,735.0,294.0,220.5,3.5,5.0,0.4000000059604645,5.0,14.210000038146973,16.739999771118164
160,0.7900000214576721,637.0,343.0,147.0,7.0,2.0,0.10000000149011612,3.0,35.779998779296875,43.119998931884766
390,0.8999999761581421,563.5,318.5,122.5,7.0,4.0,0.25,3.0,32.68000030517578,32.83000183105469
11,0.8600000143051147,588.0,294.0,147.0,7.0,5.0,0.0,0.0,18.309999465942383,27.8700008392334
280,0.6399999856948853,784.0,343.0,220.5,3.5,2.0,0.10000000149011612,5.0,15.15999984741211,19.239999771118164
151,0.8999999761581421,563.5,318.5,122.5,7.0,5.0,0.10000000149011612,3.0,29.049999237060547,29.670000076293945
252,0.8199999928474426,612.5,318.5,147.0,7.0,2.0,0.10000000149011612,5.0,24.3700008392334,25.110000610351562
1,0.9800000190734863,514.5,294.0,110.25,7.0,3.0,0.0,0.0,15.550000190734863,21.329999923706055
344,0.8600000143051147,588.0,294.0,147.0,7.0,2.0,0.25,2.0,29.34000015258789,33.369998931884766
334,0.6200000047683716,808.5,367.5,220.5,3.5,4.0,0.25,1.0,15.079999923706055,15.770000457763672
731,0.8600000143051147,588.0,294.0,147.0,7.0,5.0,0.4000000059604645,5.0,32.060001373291016,35.709999084472656
19,0.7900000214576721,637.0,343.0,147.0,7.0,5.0,0.0,0.0,28.75,39.439998626708984
263,0.7599999904632568,661.5,416.5,122.5,7.0,5.0,0.10000000149011612,5.0,33.27000045776367,33.880001068115234
269,0.7099999785423279,710.5,269.5,220.5,3.5,3.0,0.10000000149011612,5.0,10.699999809265137,13.75
61,0.8199999928474426,612.5,318.5,147.0,7.0,3.0,0.10000000149011612,1.0,24.030000686645508,24.90999984741211
727,0.8999999761581421,563.5,318.5,122.5,7.0,5.0,0.4000000059604645,5.0,35.2400016784668,37.27000045776367
157,0.8199999928474426,612.5,318.5,147.0,7.0,3.0,0.10000000149011612,3.0,23.84000015258789,27.540000915527344
204,0.8199999928474426,612.5,318.5,147.0,7.0,2.0,0.10000000149011612,4.0,23.799999237060547,24.610000610351562
705,0.6899999976158142,735.0,294.0,220.5,3.5,3.0,0.4000000059604645,4.0,14.619999885559082,16.8799991607666
557,0.7099999785423279,710.5,269.5,220.5,3.5,3.0,0.4000000059604645,1.0,14.600000381469727,17.510000228881836
599,0.7599999904632568,661.5,416.5,122.5,7.0,5.0,0.4000000059604645,2.0,40.41999816894531,39.70000076293945
46,0.6200000047683716,808.5,367.5,220.5,3.5,4.0,0.0,0.0,8.449999809265137,12.079999923706055
43,0.6399999856948853,784.0,343.0,220.5,3.5,5.0,0.0,0.0,10.5600004196167,16.670000076293945
552,0.7400000095367432,686.0,245.0,220.5,3.5,2.0,0.4000000059604645,1.0,14.520000457763672,16.940000534057617
130,0.6899999976158142,735.0,294.0,220.5,3.5,4.0,0.10000000149011612,2.0,11.319999694824219,13.319999694824219
8,0.8600000143051147,588.0,294.0,147.0,7.0,2.0,0.0,0.0,19.5,27.299999237060547
571,0.6399999856948853,784.0,343.0,220.5,3.5,5.0,0.4000000059604645,1.0,19.420000076293945,22.530000686645508
711,0.6600000262260437,759.5,318.5,220.5,3.5,5.0,0.4000000059604645,4.0,15.300000190734863,18.239999771118164
527,0.6200000047683716,808.5,367.5,220.5,3.5,5.0,0.25,5.0,13.859999656677246,14.75
352,0.7900000214576721,637.0,343.0,147.0,7.0,2.0,0.25,2.0,38.56999969482422,43.86000061035156
52,0.8999999761581421,563.5,318.5,122.5,7.0,2.0,0.10000000149011612,1.0,29.030000686645508,32.91999816894531
311,0.7599999904632568,661.5,416.5,122.5,7.0,5.0,0.25,1.0,36.43000030517578,36.619998931884766
732,0.8199999928474426,612.5,318.5,147.0,7.0,2.0,0.4000000059604645,5.0,30.0,29.93000030517578
472,0.6399999856948853,784.0,343.0,220.5,3.5,2.0,0.25,4.0,16.989999771118164,19.649999618530273
283,0.6399999856948853,784.0,343.0,220.5,3.5,5.0,0.10000000149011612,5.0,15.359999656677246,19.290000915527344
766,0.6200000047683716,808.5,367.5,220.5,3.5,4.0,0.4000000059604645,5.0,16.479999542236328,16.610000610351562
749,0.7099999785423279,710.5,269.5,220.5,3.5,3.0,0.4000000059604645,5.0,12.630000114440918,14.579999923706055
397,0.8199999928474426,612.5,318.5,147.0,7.0,3.0,0.25,3.0,25.479999542236328,27.760000228881836
257,0.7900000214576721,637.0,343.0,147.0,7.0,3.0,0.10000000149011612,5.0,36.709999084472656,34.18000030517578
0,0.9800000190734863,514.5,294.0,110.25,7.0,2.0,0.0,0.0,15.550000190734863,21.329999923706055
512,0.6899999976158142,735.0,294.0,220.5,3.5,2.0,0.25,5.0,12.470000267028809,15.140000343322754
221,0.7099999785423279,710.5,269.5,220.5,3.5,3.0,0.10000000149011612,4.0,10.680000305175781,14.119999885559082
493,0.8199999928474426,612.5,318.5,147.0,7.0,3.0,0.25,5.0,25.170000076293945,26.079999923706055
122,0.7400000095367432,686.0,245.0,220.5,3.5,4.0,0.10000000149011612,2.0,10.319999694824219,13.569999694824219
212,0.7599999904632568,661.5,416.5,122.5,7.0,2.0,0.10000000149011612,4.0,33.08000183105469,34.11000061035156
368,0.6899999976158142,735.0,294.0,220.5,3.5,2.0,0.25,2.0,12.850000381469727,15.520000457763672
507,0.7400000095367432,686.0,245.0,220.5,3.5,5.0,0.25,5.0,12.020000457763672,14.029999732971191
458,0.7400000095367432,686.0,245.0,220.5,3.5,4.0,0.25,4.0,12.180000305175781,15.029999732971191
346,0.8600000143051147,588.0,294.0,147.0,7.0,4.0,0.25,2.0,29.270000457763672,29.899999618530273
2,0.9800000190734863,514.5,294.0,110.25,7.0,4.0,0.0,0.0,15.550000190734863,21.329999923706055
45,0.6200000047683716,808.5,367.5,220.5,3.5,3.0,0.0,0.0,8.489999771118164,12.220000267028809
624,0.9800000190734863,514.5,294.0,110.25,7.0,2.0,0.4000000059604645,3.0,32.81999969482422,32.779998779296875
176,0.6899999976158142,735.0,294.0,220.5,3.5,2.0,0.10000000149011612,3.0,11.220000267028809,14.4399995803833
322,0.6899999976158142,735.0,294.0,220.5,3.5,4.0,0.25,1.0,12.729999542236328,15.479999542236328
440,0.8600000143051147,588.0,294.0,147.0,7.0,2.0,0.25,4.0,29.469999313354492,29.450000762939453
73,0.7400000095367432,686.0,245.0,220.5,3.5,3.0,0.10000000149011612,1.0,10.430000305175781,13.710000038146973
381,0.6200000047683716,808.5,367.5,220.5,3.5,3.0,0.25,2.0,14.65999984741211,15.640000343322754
671,0.6200000047683716,808.5,367.5,220.5,3.5,5.0,0.4000000059604645,3.0,16.739999771118164,16.0
622,0.6200000047683716,808.5,367.5,220.5,3.5,4.0,0.4000000059604645,2.0,17.260000228881836,16.860000610351562
444,0.8199999928474426,612.5,318.5,147.0,7.0,2.0,0.25,4.0,25.65999984741211,26.299999237060547
746,0.7400000095367432,686.0,245.0,220.5,3.5,4.0,0.4000000059604645,5.0,14.170000076293945,16.940000534057617
678,0.8999999761581421,563.5,318.5,122.5,7.0,4.0,0.4000000059604645,4.0,35.400001525878906,39.220001220703125
665,0.6399999856948853,784.0,343.0,220.5,3.5,3.0,0.4000000059604645,3.0,18.709999084472656,20.719999313354492
455,0.7599999904632568,661.5,416.5,122.5,7.0,5.0,0.25,4.0,36.2599983215332,37.5099983215332
343,0.8999999761581421,563.5,318.5,122.5,7.0,5.0,0.25,2.0,31.65999984741211,37.720001220703125
273,0.6899999976158142,735.0,294.0,220.5,3.5,3.0,0.10000000149011612,5.0,11.140000343322754,14.279999732971191
218,0.7400000095367432,686.0,245.0,220.5,3.5,4.0,0.10000000149011612,4.0,10.069999694824219,13.210000038146973
745,0.7400000095367432,686.0,245.0,220.5,3.5,3.0,0.4000000059604645,5.0,14.1899995803833,16.6200008392334
592,0.7900000214576721,637.0,343.0,147.0,7.0,2.0,0.4000000059604645,2.0,41.63999938964844,45.59000015258789
697,0.7400000095367432,686.0,245.0,220.5,3.5,3.0,0.4000000059604645,4.0,14.479999542236328,16.739999771118164
4,0.8999999761581421,563.5,318.5,122.5,7.0,2.0,0.0,0.0,20.84000015258789,28.280000686645508
434,0.9800000190734863,514.5,294.0,110.25,7.0,4.0,0.25,4.0,28.149999618530273,30.190000534057617
18,0.7900000214576721,637.0,343.0,147.0,7.0,4.0,0.0,0.0,29.6299991607666,30.93000030517578
415,0.7099999785423279,710.5,269.5,220.5,3.5,5.0,0.25,3.0,12.1899995803833,14.9399995803833
544,0.7900000214576721,637.0,343.0,147.0,7.0,2.0,0.4000000059604645,1.0,41.400001525878906,45.290000915527344
266,0.7400000095367432,686.0,245.0,220.5,3.5,4.0,0.10000000149011612,5.0,10.34000015258789,13.720000267028809
268,0.7099999785423279,710.5,269.5,220.5,3.5,2.0,0.10000000149011612,5.0,10.779999732971191,14.180000305175781
572,0.6200000047683716,808.5,367.5,220.5,3.5,2.0,0.4000000059604645,1.0,15.09000015258789,17.200000762939453
754,0.6899999976158142,735.0,294.0,220.5,3.5,4.0,0.4000000059604645,5.0,14.369999885559082,16.540000915527344
314,0.7400000095367432,686.0,245.0,220.5,3.5,4.0,0.25,1.0,12.40999984741211,15.279999732971191
523,0.6399999856948853,784.0,343.0,220.5,3.5,5.0,0.25,5.0,16.920000076293945,20.290000915527344
730,0.8600000143051147,588.0,294.0,147.0,7.0,4.0,0.4000000059604645,5.0,31.1200008392334,36.2599983215332
177,0.6899999976158142,735.0,294.0,220.5,3.5,3.0,0.10000000149011612,3.0,11.15999984741211,14.270000457763672
417,0.6899999976158142,735.0,294.0,220.5,3.5,3.0,0.25,3.0,12.460000038146973,14.380000114440918
667,0.6399999856948853,784.0,343.0,220.5,3.5,5.0,0.4000000059604645,3.0,18.459999084472656,21.530000686645508
51,0.9800000190734863,514.5,294.0,110.25,7.0,5.0,0.10000000149011612,1.0,24.59000015258789,26.290000915527344
409,0.7400000095367432,686.0,245.0,220.5,3.5,3.0,0.25,3.0,12.029999732971191,13.789999961853027
47,0.6200000047683716,808.5,367.5,220.5,3.5,5.0,0.0,0.0,8.5,12.039999961853027
724,0.8999999761581421,563.5,318.5,122.5,7.0,2.0,0.4000000059604645,5.0,35.66999816894531,33.939998626708984
358,0.7599999904632568,661.5,416.5,122.5,7.0,4.0,0.25,2.0,36.86000061035156,37.279998779296875
84,0.6600000262260437,759.5,318.5,220.5,3.5,2.0,0.10000000149011612,1.0,11.680000305175781,13.899999618530273
94,0.6200000047683716,808.5,367.5,220.5,3.5,4.0,0.10000000149011612,1.0,12.930000305175781,14.329999923706055
143,0.6200000047683716,808.5,367.5,220.5,3.5,5.0,0.10000000149011612,2.0,13.039999961853027,14.239999771118164
468,0.6600000262260437,759.5,318.5,220.5,3.5,2.0,0.25,4.0,12.949999809265137,15.949999809265137
583,0.8999999761581421,563.5,318.5,122.5,7.0,5.0,0.4000000059604645,2.0,35.689998626708984,40.65999984741211
403,0.7900000214576721,637.0,343.0,147.0,7.0,5.0,0.25,3.0,39.83000183105469,36.869998931884766
546,0.7900000214576721,637.0,343.0,147.0,7.0,4.0,0.4000000059604645,1.0,42.5,38.349998474121094
618,0.6399999856948853,784.0,343.0,220.5,3.5,4.0,0.4000000059604645,2.0,18.899999618530273,22.09000015258789
411,0.7400000095367432,686.0,245.0,220.5,3.5,5.0,0.25,3.0,11.6899995803833,14.760000228881836
471,0.6600000262260437,759.5,318.5,220.5,3.5,5.0,0.25,4.0,12.920000076293945,16.139999389648438
486,0.8999999761581421,563.5,318.5,122.5,7.0,4.0,0.25,5.0,31.530000686645508,37.189998626708984
288,0.9800000190734863,514.5,294.0,110.25,7.0,2.0,0.25,1.0,28.149999618530273,29.790000915527344
652,0.7099999785423279,710.5,269.5,220.5,3.5,2.0,0.4000000059604645,3.0,14.069999694824219,16.110000610351562
533,0.8999999761581421,563.5,318.5,122.5,7.0,3.0,0.4000000059604645,1.0,37.2400016784668,36.380001068115234
74,0.7400000095367432,686.0,245.0,220.5,3.5,4.0,0.10000000149011612,1.0,10.359999656677246,13.479999542236328
359,0.7599999904632568,661.5,416.5,122.5,7.0,5.0,0.25,2.0,36.45000076293945,36.810001373291016
215,0.7599999904632568,661.5,416.5,122.5,7.0,5.0,0.10000000149011612,4.0,32.310001373291016,34.04999923706055
220,0.7099999785423279,710.5,269.5,220.5,3.5,2.0,0.10000000149011612,4.0,10.65999984741211,13.670000076293945
44,0.6200000047683716,808.5,367.5,220.5,3.5,2.0,0.0,0.0,8.600000381469727,12.069999694824219
689,0.7900000214576721,637.0,343.0,147.0,7.0,3.0,0.4000000059604645,4.0,41.72999954223633,47.59000015258789
693,0.7599999904632568,661.5,416.5,122.5,7.0,3.0,0.4000000059604645,4.0,40.400001525878906,39.66999816894531
155,0.8600000143051147,588.0,294.0,147.0,7.0,5.0,0.10000000149011612,3.0,26.459999084472656,27.399999618530273
345,0.8600000143051147,588.0,294.0,147.0,7.0,3.0,0.25,2.0,29.8700008392334,27.889999389648438
446,0.8199999928474426,612.5,318.5,147.0,7.0,4.0,0.25,4.0,25.43000030517578,28.760000228881836
116,0.7599999904632568,661.5,416.5,122.5,7.0,2.0,0.10000000149011612,2.0,33.15999984741211,33.90999984741211
121,0.7400000095367432,686.0,245.0,220.5,3.5,3.0,0.10000000149011612,2.0,10.460000038146973,13.720000267028809
580,0.8999999761581421,563.5,318.5,122.5,7.0,2.0,0.4000000059604645,2.0,35.84000015258789,38.349998474121094
282,0.6399999856948853,784.0,343.0,220.5,3.5,4.0,0.10000000149011612,5.0,15.119999885559082,19.260000228881836
432,0.9800000190734863,514.5,294.0,110.25,7.0,2.0,0.25,4.0,28.700000762939453,29.610000610351562
372,0.6600000262260437,759.5,318.5,220.5,3.5,2.0,0.25,2.0,13.050000190734863,15.890000343322754
315,0.7400000095367432,686.0,245.0,220.5,3.5,5.0,0.25,1.0,12.449999809265137,15.5
249,0.8600000143051147,588.0,294.0,147.0,7.0,3.0,0.10000000149011612,5.0,26.450000762939453,27.329999923706055
698,0.7400000095367432,686.0,245.0,220.5,3.5,4.0,0.4000000059604645,4.0,14.319999694824219,16.899999618530273
366,0.7099999785423279,710.5,269.5,220.5,3.5,4.0,0.25,2.0,12.199999809265137,14.9399995803833
96,0.9800000190734863,514.5,294.0,110.25,7.0,2.0,0.10000000149011612,2.0,24.290000915527344,25.950000762939453
184,0.6399999856948853,784.0,343.0,220.5,3.5,2.0,0.10000000149011612,3.0,15.15999984741211,19.139999389648438
492,0.8199999928474426,612.5,318.5,147.0,7.0,2.0,0.25,5.0,25.700000762939453,26.530000686645508
356,0.7599999904632568,661.5,416.5,122.5,7.0,2.0,0.25,2.0,36.95000076293945,36.869998931884766
460,0.7099999785423279,710.5,269.5,220.5,3.5,2.0,0.25,4.0,12.359999656677246,14.670000076293945
659,0.6899999976158142,735.0,294.0,220.5,3.5,5.0,0.4000000059604645,3.0,14.079999923706055,17.020000457763672
146,0.9800000190734863,514.5,294.0,110.25,7.0,4.0,0.10000000149011612,3.0,24.110000610351562,25.84000015258789
69,0.7599999904632568,661.5,416.5,122.5,7.0,3.0,0.10000000149011612,1.0,32.119998931884766,34.06999969482422
473,0.6399999856948853,784.0,343.0,220.5,3.5,3.0,0.25,4.0,16.690000534057617,19.760000228881836
229,0.6600000262260437,759.5,318.5,220.5,3.5,3.0,0.10000000149011612,4.0,11.420000076293945,14.670000076293945
336,0.9800000190734863,514.5,294.0,110.25,7.0,2.0,0.25,2.0,28.670000076293945,29.6200008392334
15,0.8199999928474426,612.5,318.5,147.0,7.0,5.0,0.0,0.0,15.979999542236328,24.93000030517578
244,0.8999999761581421,563.5,318.5,122.5,7.0,2.0,0.10000000149011612,5.0,29.829999923706055,29.81999969482422
365,0.7099999785423279,710.5,269.5,220.5,3.5,3.0,0.25,2.0,12.289999961853027,15.399999618530273
539,0.8600000143051147,588.0,294.0,147.0,7.0,5.0,0.4000000059604645,1.0,31.290000915527344,36.72999954223633
410,0.7400000095367432,686.0,245.0,220.5,3.5,4.0,0.25,3.0,11.979999542236328,14.720000267028809
209,0.7900000214576721,637.0,343.0,147.0,7.0,3.0,0.10000000149011612,4.0,35.88999938964844,43.29999923706055
22,0.7599999904632568,661.5,416.5,122.5,7.0,4.0,0.0,0.0,24.770000457763672,29.790000915527344
112,0.7900000214576721,637.0,343.0,147.0,7.0,2.0,0.10000000149011612,2.0,35.650001525878906,41.06999969482422
437,0.8999999761581421,563.5,318.5,122.5,7.0,3.0,0.25,4.0,31.690000534057617,37.119998931884766
233,0.6399999856948853,784.0,343.0,220.5,3.5,3.0,0.10000000149011612,4.0,15.1899995803833,19.25
663,0.6600000262260437,759.5,318.5,220.5,3.5,5.0,0.4000000059604645,3.0,14.899999618530273,18.219999313354492
459,0.7400000095367432,686.0,245.0,220.5,3.5,5.0,0.25,4.0,12.430000305175781,15.350000381469727
217,0.7400000095367432,686.0,245.0,220.5,3.5,3.0,0.10000000149011612,4.0,10.149999618530273,13.359999656677246
726,0.8999999761581421,563.5,318.5,122.5,7.0,4.0,0.4000000059604645,5.0,34.720001220703125,38.790000915527344
525,0.6200000047683716,808.5,367.5,220.5,3.5,3.0,0.25,5.0,13.989999771118164,14.609999656677246
236,0.6200000047683716,808.5,367.5,220.5,3.5,2.0,0.10000000149011612,4.0,12.850000381469727,14.369999885559082
433,0.9800000190734863,514.5,294.0,110.25,7.0,3.0,0.25,4.0,28.549999237060547,29.59000015258789
408,0.7400000095367432,686.0,245.0,220.5,3.5,2.0,0.25,3.0,11.800000190734863,14.489999771118164
640,0.7900000214576721,637.0,343.0,147.0,7.0,2.0,0.4000000059604645,3.0,41.2599983215332,46.439998626708984
721,0.9800000190734863,514.5,294.0,110.25,7.0,3.0,0.4000000059604645,5.0,32.720001220703125,33.22999954223633
484,0.8999999761581421,563.5,318.5,122.5,7.0,2.0,0.25,5.0,33.130001068115234,32.25
578,0.9800000190734863,514.5,294.0,110.25,7.0,4.0,0.4000000059604645,2.0,32.2400016784668,33.939998626708984
385,0.9800000190734863,514.5,294.0,110.25,7.0,3.0,0.25,3.0,28.559999465942383,29.780000686645508
421,0.6600000262260437,759.5,318.5,220.5,3.5,3.0,0.25,3.0,13.010000228881836,15.800000190734863
262,0.7599999904632568,661.5,416.5,122.5,7.0,4.0,0.10000000149011612,5.0,32.459999084472656,33.63999938964844
597,0.7599999904632568,661.5,416.5,122.5,7.0,3.0,0.4000000059604645,2.0,40.150001525878906,40.400001525878906
579,0.9800000190734863,514.5,294.0,110.25,7.0,5.0,0.4000000059604645,2.0,32.720001220703125,33.779998779296875
491,0.8600000143051147,588.0,294.0,147.0,7.0,5.0,0.25,5.0,29.389999389648438,33.470001220703125
702,0.7099999785423279,710.5,269.5,220.5,3.5,4.0,0.4000000059604645,4.0,14.470000267028809,17.229999542236328
602,0.7400000095367432,686.0,245.0,220.5,3.5,4.0,0.4000000059604645,2.0,14.180000305175781,16.989999771118164
98,0.9800000190734863,514.5,294.0,110.25,7.0,4.0,0.10000000149011612,2.0,24.1299991607666,26.1299991607666
669,0.6200000047683716,808.5,367.5,220.5,3.5,3.0,0.4000000059604645,3.0,16.350000381469727,17.139999389648438
686,0.8199999928474426,612.5,318.5,147.0,7.0,4.0,0.4000000059604645,4.0,28.639999389648438,31.139999389648438
224,0.6899999976158142,735.0,294.0,220.5,3.5,2.0,0.10000000149011612,4.0,11.180000305175781,14.289999961853027
152,0.8600000143051147,588.0,294.0,147.0,7.0,2.0,0.10000000149011612,3.0,25.40999984741211,31.729999542236328
495,0.8199999928474426,612.5,318.5,147.0,7.0,5.0,0.25,5.0,25.489999771118164,28.139999389648438
135,0.6600000262260437,759.5,318.5,220.5,3.5,5.0,0.10000000149011612,2.0,11.430000305175781,14.739999771118164
503,0.7599999904632568,661.5,416.5,122.5,7.0,5.0,0.25,5.0,36.70000076293945,36.150001525878906
302,0.8199999928474426,612.5,318.5,147.0,7.0,4.0,0.25,1.0,26.969999313354492,27.25
389,0.8999999761581421,563.5,318.5,122.5,7.0,3.0,0.25,3.0,32.400001525878906,35.099998474121094
404,0.7599999904632568,661.5,416.5,122.5,7.0,2.0,0.25,3.0,35.9900016784668,36.06999969482422
54,0.8999999761581421,563.5,318.5,122.5,7.0,4.0,0.10000000149011612,1.0,29.139999389648438,29.579999923706055
658,0.6899999976158142,735.0,294.0,220.5,3.5,4.0,0.4000000059604645,3.0,14.329999923706055,16.989999771118164
75,0.7400000095367432,686.0,245.0,220.5,3.5,5.0,0.10000000149011612,1.0,10.390000343322754,13.699999809265137
338,0.9800000190734863,514.5,294.0,110.25,7.0,4.0,0.25,2.0,28.18000030517578,30.18000030517578
632,0.8600000143051147,588.0,294.0,147.0,7.0,2.0,0.4000000059604645,3.0,31.280000686645508,35.220001220703125
259,0.7900000214576721,637.0,343.0,147.0,7.0,5.0,0.10000000149011612,5.0,35.47999954223633,41.2599983215332
541,0.8199999928474426,612.5,318.5,147.0,7.0,3.0,0.4000000059604645,1.0,29.90999984741211,29.1299991607666
287,0.6200000047683716,808.5,367.5,220.5,3.5,5.0,0.10000000149011612,5.0,12.619999885559082,14.149999618530273
651,0.7400000095367432,686.0,245.0,220.5,3.5,5.0,0.4000000059604645,3.0,13.779999732971191,16.600000381469727
115,0.7900000214576721,637.0,343.0,147.0,7.0,5.0,0.10000000149011612,2.0,36.029998779296875,42.86000061035156
271,0.7099999785423279,710.5,269.5,220.5,3.5,5.0,0.10000000149011612,5.0,13.6899995803833,13.890000343322754
743,0.7599999904632568,661.5,416.5,122.5,7.0,5.0,0.4000000059604645,5.0,39.86000061035156,38.18000030517578
453,0.7599999904632568,661.5,416.5,122.5,7.0,3.0,0.25,4.0,36.45000076293945,36.7599983215332
607,0.7099999785423279,710.5,269.5,220.5,3.5,5.0,0.4000000059604645,2.0,14.710000038146973,17.510000228881836
740,0.7599999904632568,661.5,416.5,122.5,7.0,2.0,0.4000000059604645,5.0,38.81999969482422,39.369998931884766
741,0.7599999904632568,661.5,416.5,122.5,7.0,3.0,0.4000000059604645,5.0,39.720001220703125,39.79999923706055
256,0.7900000214576721,637.0,343.0,147.0,7.0,2.0,0.10000000149011612,5.0,37.029998779296875,34.9900016784668
627,0.9800000190734863,514.5,294.0,110.25,7.0,5.0,0.4000000059604645,3.0,32.75,34.0
617,0.6399999856948853,784.0,343.0,220.5,3.5,3.0,0.4000000059604645,2.0,18.8799991607666,22.06999969482422
203,0.8600000143051147,588.0,294.0,147.0,7.0,5.0,0.10000000149011612,4.0,27.030000686645508,25.809999465942383
174,0.7099999785423279,710.5,269.5,220.5,3.5,4.0,0.10000000149011612,3.0,10.680000305175781,14.300000190734863
279,0.6600000262260437,759.5,318.5,220.5,3.5,5.0,0.10000000149011612,5.0,11.34000015258789,14.869999885559082
173,0.7099999785423279,710.5,269.5,220.5,3.5,3.0,0.10000000149011612,3.0,10.680000305175781,13.770000457763672
183,0.6600000262260437,759.5,318.5,220.5,3.5,5.0,0.10000000149011612,3.0,11.609999656677246,13.829999923706055
58,0.8600000143051147,588.0,294.0,147.0,7.0,4.0,0.10000000149011612,1.0,26.3700008392334,27.030000686645508
260,0.7599999904632568,661.5,416.5,122.5,7.0,2.0,0.10000000149011612,5.0,32.310001373291016,34.25
509,0.7099999785423279,710.5,269.5,220.5,3.5,3.0,0.25,5.0,12.1899995803833,14.710000038146973
186,0.6399999856948853,784.0,343.0,220.5,3.5,4.0,0.10000000149011612,3.0,15.119999885559082,19.3700008392334
555,0.7400000095367432,686.0,245.0,220.5,3.5,5.0,0.4000000059604645,1.0,14.550000190734863,17.25
515,0.6899999976158142,735.0,294.0,220.5,3.5,5.0,0.25,5.0,12.470000267028809,14.600000381469727
254,0.8199999928474426,612.5,318.5,147.0,7.0,4.0,0.10000000149011612,5.0,22.889999389648438,28.8799991607666
593,0.7900000214576721,637.0,343.0,147.0,7.0,3.0,0.4000000059604645,2.0,43.099998474121094,39.40999984741211
419,0.6899999976158142,735.0,294.0,220.5,3.5,5.0,0.25,3.0,12.119999885559082,15.170000076293945
518,0.6600000262260437,759.5,318.5,220.5,3.5,4.0,0.25,5.0,12.779999732971191,15.800000190734863
148,0.8999999761581421,563.5,318.5,122.5,7.0,2.0,0.10000000149011612,3.0,28.06999969482422,34.13999938964844
738,0.7900000214576721,637.0,343.0,147.0,7.0,4.0,0.4000000059604645,5.0,41.09000015258789,47.0099983215332
764,0.6200000047683716,808.5,367.5,220.5,3.5,2.0,0.4000000059604645,5.0,16.540000915527344,16.8799991607666
223,0.7099999785423279,710.5,269.5,220.5,3.5,5.0,0.10000000149011612,4.0,10.720000267028809,14.199999809265137
603,0.7400000095367432,686.0,245.0,220.5,3.5,5.0,0.4000000059604645,2.0,14.5,17.030000686645508
86,0.6600000262260437,759.5,318.5,220.5,3.5,4.0,0.10000000149011612,1.0,11.699999809265137,13.880000114440918
89,0.6399999856948853,784.0,343.0,220.5,3.5,3.0,0.10000000149011612,1.0,15.199999809265137,19.43000030517578
78,0.7099999785423279,710.5,269.5,220.5,3.5,4.0,0.10000000149011612,1.0,10.699999809265137,13.869999885559082
265,0.7400000095367432,686.0,245.0,220.5,3.5,3.0,0.10000000149011612,5.0,10.369999885559082,13.4399995803833
216,0.7400000095367432,686.0,245.0,220.5,3.5,2.0,0.10000000149011612,4.0,10.079999923706055,13.199999809265137
243,0.9800000190734863,514.5,294.0,110.25,7.0,5.0,0.10000000149011612,5.0,24.260000228881836,26.18000030517578
462,0.7099999785423279,710.5,269.5,220.5,3.5,4.0,0.25,4.0,12.170000076293945,15.199999809265137
189,0.6200000047683716,808.5,367.5,220.5,3.5,3.0,0.10000000149011612,3.0,12.630000114440918,14.229999542236328
655,0.7099999785423279,710.5,269.5,220.5,3.5,5.0,0.4000000059604645,3.0,13.859999656677246,16.100000381469727
107,0.8600000143051147,588.0,294.0,147.0,7.0,5.0,0.10000000149011612,2.0,25.360000610351562,31.899999618530273
149,0.8999999761581421,563.5,318.5,122.5,7.0,3.0,0.10000000149011612,3.0,29.010000228881836,32.849998474121094
27,0.7400000095367432,686.0,245.0,220.5,3.5,5.0,0.0,0.0,6.039999961853027,11.170000076293945
550,0.7599999904632568,661.5,416.5,122.5,7.0,4.0,0.4000000059604645,1.0,40.709999084472656,40.630001068115234
141,0.6200000047683716,808.5,367.5,220.5,3.5,3.0,0.10000000149011612,2.0,13.0,14.569999694824219
575,0.6200000047683716,808.5,367.5,220.5,3.5,5.0,0.4000000059604645,1.0,17.139999389648438,17.200000762939453
412,0.7099999785423279,710.5,269.5,220.5,3.5,2.0,0.25,3.0,12.40999984741211,14.920000076293945
396,0.8199999928474426,612.5,318.5,147.0,7.0,2.0,0.25,3.0,24.700000762939453,28.770000457763672
119,0.7599999904632568,661.5,416.5,122.5,7.0,5.0,0.10000000149011612,2.0,32.40999984741211,33.779998779296875
59,0.8600000143051147,588.0,294.0,147.0,7.0,5.0,0.10000000149011612,1.0,25.270000457763672,31.729999542236328
296,0.8600000143051147,588.0,294.0,147.0,7.0,2.0,0.25,1.0,29.540000915527344,33.97999954223633
537,0.8600000143051147,588.0,294.0,147.0,7.0,3.0,0.4000000059604645,1.0,32.38999938964844,30.65999984741211
529,0.9800000190734863,514.5,294.0,110.25,7.0,3.0,0.4000000059604645,1.0,32.2599983215332,33.34000015258789
742,0.7599999904632568,661.5,416.5,122.5,7.0,4.0,0.4000000059604645,5.0,39.310001373291016,37.790000915527344
376,0.6399999856948853,784.0,343.0,220.5,3.5,2.0,0.25,2.0,17.139999389648438,20.469999313354492
590,0.8199999928474426,612.5,318.5,147.0,7.0,4.0,0.4000000059604645,2.0,28.639999389648438,28.950000762939453
289,0.9800000190734863,514.5,294.0,110.25,7.0,3.0,0.25,1.0,28.149999618530273,29.790000915527344
20,0.7599999904632568,661.5,416.5,122.5,7.0,2.0,0.0,0.0,24.770000457763672,29.790000915527344
199,0.8999999761581421,563.5,318.5,122.5,7.0,5.0,0.10000000149011612,4.0,29.790000915527344,29.920000076293945
427,0.6399999856948853,784.0,343.0,220.5,3.5,5.0,0.25,3.0,16.860000610351562,20.280000686645508
630,0.8999999761581421,563.5,318.5,122.5,7.0,4.0,0.4000000059604645,3.0,35.04999923706055,33.81999969482422
666,0.6399999856948853,784.0,343.0,220.5,3.5,4.0,0.4000000059604645,3.0,18.479999542236328,21.540000915527344
521,0.6399999856948853,784.0,343.0,220.5,3.5,3.0,0.25,5.0,16.860000610351562,20.010000228881836
748,0.7099999785423279,710.5,269.5,220.5,3.5,2.0,0.4000000059604645,5.0,12.430000305175781,15.59000015258789
654,0.7099999785423279,710.5,269.5,220.5,3.5,4.0,0.4000000059604645,3.0,13.9399995803833,16.700000762939453
195,0.9800000190734863,514.5,294.0,110.25,7.0,5.0,0.10000000149011612,4.0,24.31999969482422,25.8700008392334
242,0.9800000190734863,514.5,294.0,110.25,7.0,4.0,0.10000000149011612,5.0,24.030000686645508,25.8799991607666
633,0.8600000143051147,588.0,294.0,147.0,7.0,3.0,0.4000000059604645,3.0,32.119998931884766,34.70000076293945
337,0.9800000190734863,514.5,294.0,110.25,7.0,3.0,0.25,2.0,28.56999969482422,29.690000534057617
200,0.8600000143051147,588.0,294.0,147.0,7.0,2.0,0.10000000149011612,4.0,26.440000534057617,27.170000076293945
584,0.8600000143051147,588.0,294.0,147.0,7.0,2.0,0.4000000059604645,2.0,32.47999954223633,35.47999954223633
167,0.7599999904632568,661.5,416.5,122.5,7.0,5.0,0.10000000149011612,3.0,33.2400016784668,34.5
240,0.9800000190734863,514.5,294.0,110.25,7.0,2.0,0.10000000149011612,5.0,24.350000381469727,25.639999389648438
190,0.6200000047683716,808.5,367.5,220.5,3.5,4.0,0.10000000149011612,3.0,12.710000038146973,14.140000343322754
333,0.6200000047683716,808.5,367.5,220.5,3.5,3.0,0.25,1.0,15.119999885559082,15.949999809265137
7,0.8999999761581421,563.5,318.5,122.5,7.0,5.0,0.0,0.0,19.68000030517578,29.600000381469727
226,0.6899999976158142,735.0,294.0,220.5,3.5,4.0,0.10000000149011612,4.0,11.069999694824219,14.420000076293945
636,0.8199999928474426,612.5,318.5,147.0,7.0,2.0,0.4000000059604645,3.0,28.670000076293945,32.43000030517578
757,0.6600000262260437,759.5,318.5,220.5,3.5,3.0,0.4000000059604645,5.0,14.920000076293945,17.790000915527344
532,0.8999999761581421,563.5,318.5,122.5,7.0,2.0,0.4000000059604645,1.0,36.470001220703125,39.279998779296875
613,0.6600000262260437,759.5,318.5,220.5,3.5,3.0,0.4000000059604645,2.0,15.289999961853027,17.889999389648438
690,0.7900000214576721,637.0,343.0,147.0,7.0,4.0,0.4000000059604645,4.0,41.31999969482422,46.22999954223633
566,0.6600000262260437,759.5,318.5,220.5,3.5,4.0,0.4000000059604645,1.0,15.229999542236328,18.139999389648438
488,0.8600000143051147,588.0,294.0,147.0,7.0,2.0,0.25,5.0,29.709999084472656,28.020000457763672
150,0.8999999761581421,563.5,318.5,122.5,7.0,4.0,0.10000000149011612,3.0,29.6200008392334,30.079999923706055
413,0.7099999785423279,710.5,269.5,220.5,3.5,3.0,0.25,3.0,12.279999732971191,14.739999771118164
281,0.6399999856948853,784.0,343.0,220.5,3.5,3.0,0.10000000149011612,5.0,15.369999885559082,19.18000030517578
85,0.6600000262260437,759.5,318.5,220.5,3.5,3.0,0.10000000149011612,1.0,11.6899995803833,13.720000267028809
554,0.7400000095367432,686.0,245.0,220.5,3.5,4.0,0.4000000059604645,1.0,14.5,17.030000686645508
207,0.8199999928474426,612.5,318.5,147.0,7.0,5.0,0.10000000149011612,4.0,24.239999771118164,25.15999984741211
100,0.8999999761581421,563.5,318.5,122.5,7.0,2.0,0.10000000149011612,2.0,28.8799991607666,32.540000915527344
502,0.7599999904632568,661.5,416.5,122.5,7.0,4.0,0.25,5.0,36.060001373291016,35.72999954223633
464,0.6899999976158142,735.0,294.0,220.5,3.5,2.0,0.25,4.0,12.90999984741211,15.369999885559082
295,0.8999999761581421,563.5,318.5,122.5,7.0,5.0,0.25,1.0,32.0,37.58000183105469
317,0.7099999785423279,710.5,269.5,220.5,3.5,3.0,0.25,1.0,12.649999618530273,15.850000381469727
297,0.8600000143051147,588.0,294.0,147.0,7.0,3.0,0.25,1.0,30.049999237060547,28.610000610351562
131,0.6899999976158142,735.0,294.0,220.5,3.5,5.0,0.10000000149011612,2.0,11.489999771118164,13.510000228881836
36,0.6600000262260437,759.5,318.5,220.5,3.5,2.0,0.0,0.0,7.179999828338623,12.399999618530273
40,0.6399999856948853,784.0,343.0,220.5,3.5,2.0,0.0,0.0,10.850000381469727,16.780000686645508
679,0.8999999761581421,563.5,318.5,122.5,7.0,5.0,0.4000000059604645,4.0,36.56999969482422,36.099998474121094
198,0.8999999761581421,563.5,318.5,122.5,7.0,4.0,0.10000000149011612,4.0,28.860000610351562,32.83000183105469
556,0.7099999785423279,710.5,269.5,220.5,3.5,2.0,0.4000000059604645,1.0,14.510000228881836,17.100000381469727
347,0.8600000143051147,588.0,294.0,147.0,7.0,5.0,0.25,2.0,28.399999618530273,34.52000045776367
68,0.7599999904632568,661.5,416.5,122.5,7.0,2.0,0.10000000149011612,1.0,32.959999084472656,33.869998931884766
626,0.9800000190734863,514.5,294.0,110.25,7.0,4.0,0.4000000059604645,3.0,32.22999954223633,33.86000061035156
341,0.8999999761581421,563.5,318.5,122.5,7.0,3.0,0.25,2.0,33.27000045776367,32.63999938964844
179,0.6899999976158142,735.0,294.0,220.5,3.5,5.0,0.10000000149011612,3.0,11.140000343322754,14.399999618530273
307,0.7900000214576721,637.0,343.0,147.0,7.0,5.0,0.25,1.0,39.040000915527344,45.52000045776367
620,0.6200000047683716,808.5,367.5,220.5,3.5,2.0,0.4000000059604645,2.0,16.760000228881836,17.360000610351562
682,0.8600000143051147,588.0,294.0,147.0,7.0,4.0,0.4000000059604645,4.0,32.150001525878906,36.209999084472656
445,0.8199999928474426,612.5,318.5,147.0,7.0,3.0,0.25,4.0,24.959999084472656,29.43000030517578
193,0.9800000190734863,514.5,294.0,110.25,7.0,3.0,0.10000000149011612,4.0,24.229999542236328,25.719999313354492
466,0.6899999976158142,735.0,294.0,220.5,3.5,4.0,0.25,4.0,12.670000076293945,15.829999923706055
38,0.6600000262260437,759.5,318.5,220.5,3.5,4.0,0.0,0.0,7.099999904632568,12.399999618530273
606,0.7099999785423279,710.5,269.5,220.5,3.5,4.0,0.4000000059604645,2.0,14.399999618530273,17.270000457763672
319,0.7099999785423279,710.5,269.5,220.5,3.5,5.0,0.25,1.0,12.630000114440918,15.8100004196167
392,0.8600000143051147,588.0,294.0,147.0,7.0,2.0,0.25,3.0,28.399999618530273,33.52000045776367
298,0.8600000143051147,588.0,294.0,147.0,7.0,4.0,0.25,1.0,29.600000381469727,30.1200008392334
187,0.6399999856948853,784.0,343.0,220.5,3.5,5.0,0.10000000149011612,3.0,15.359999656677246,19.290000915527344
668,0.6200000047683716,808.5,367.5,220.5,3.5,2.0,0.4000000059604645,3.0,16.469999313354492,16.899999618530273
661,0.6600000262260437,759.5,318.5,220.5,3.5,3.0,0.4000000059604645,3.0,15.180000305175781,17.6299991607666
454,0.7599999904632568,661.5,416.5,122.5,7.0,4.0,0.25,4.0,36.810001373291016,37.04999923706055
291,0.9800000190734863,514.5,294.0,110.25,7.0,5.0,0.25,1.0,28.40999984741211,29.489999771118164
57,0.8600000143051147,588.0,294.0,147.0,7.0,3.0,0.10000000149011612,1.0,26.90999984741211,25.600000381469727
753,0.6899999976158142,735.0,294.0,220.5,3.5,3.0,0.4000000059604645,5.0,14.279999732971191,15.869999885559082
696,0.7400000095367432,686.0,245.0,220.5,3.5,2.0,0.4000000059604645,4.0,14.369999885559082,16.610000610351562
39,0.6600000262260437,759.5,318.5,220.5,3.5,5.0,0.0,0.0,7.099999904632568,12.140000343322754
400,0.7900000214576721,637.0,343.0,147.0,7.0,2.0,0.25,3.0,39.040000915527344,45.130001068115234
205,0.8199999928474426,612.5,318.5,147.0,7.0,3.0,0.10000000149011612,4.0,22.799999237060547,28.610000610351562
752,0.6899999976158142,735.0,294.0,220.5,3.5,2.0,0.4000000059604645,5.0,14.119999885559082,16.6299991607666
306,0.7900000214576721,637.0,343.0,147.0,7.0,4.0,0.25,1.0,39.86000061035156,36.849998474121094
519,0.6600000262260437,759.5,318.5,220.5,3.5,5.0,0.25,5.0,13.020000457763672,16.059999465942383
6,0.8999999761581421,563.5,318.5,122.5,7.0,4.0,0.0,0.0,20.709999084472656,25.15999984741211
684,0.8199999928474426,612.5,318.5,147.0,7.0,2.0,0.4000000059604645,4.0,28.93000030517578,28.200000762939453
648,0.7400000095367432,686.0,245.0,220.5,3.5,2.0,0.4000000059604645,3.0,13.970000267028809,16.079999923706055
609,0.6899999976158142,735.0,294.0,220.5,3.5,3.0,0.4000000059604645,2.0,14.710000038146973,17.010000228881836
71,0.7599999904632568,661.5,416.5,122.5,7.0,5.0,0.10000000149011612,1.0,32.209999084472656,33.66999816894531
126,0.7099999785423279,710.5,269.5,220.5,3.5,4.0,0.10000000149011612,2.0,10.550000190734863,13.800000190734863
611,0.6899999976158142,735.0,294.0,220.5,3.5,5.0,0.4000000059604645,2.0,14.619999885559082,17.219999313354492
387,0.9800000190734863,514.5,294.0,110.25,7.0,5.0,0.25,3.0,28.6299991607666,30.190000534057617
228,0.6600000262260437,759.5,318.5,220.5,3.5,2.0,0.10000000149011612,4.0,11.4399995803833,14.859999656677246
728,0.8600000143051147,588.0,294.0,147.0,7.0,2.0,0.4000000059604645,5.0,32.310001373291016,29.690000534057617
208,0.7900000214576721,637.0,343.0,147.0,7.0,2.0,0.10000000149011612,4.0,36.86000061035156,34.25
156,0.8199999928474426,612.5,318.5,147.0,7.0,2.0,0.10000000149011612,3.0,22.93000030517578,28.68000030517578
522,0.6399999856948853,784.0,343.0,220.5,3.5,4.0,0.25,5.0,16.760000228881836,20.190000534057617
407,0.7599999904632568,661.5,416.5,122.5,7.0,5.0,0.25,3.0,36.52000045776367,37.290000915527344
231,0.6600000262260437,759.5,318.5,220.5,3.5,5.0,0.10000000149011612,4.0,11.430000305175781,14.829999923706055
81,0.6899999976158142,735.0,294.0,220.5,3.5,3.0,0.10000000149011612,1.0,11.130000114440918,14.609999656677246
394,0.8600000143051147,588.0,294.0,147.0,7.0,4.0,0.25,3.0,29.43000030517578,28.3799991607666
227,0.6899999976158142,735.0,294.0,220.5,3.5,5.0,0.10000000149011612,4.0,11.199999809265137,14.729999542236328
436,0.8999999761581421,563.5,318.5,122.5,7.0,2.0,0.25,4.0,32.66999816894531,32.119998931884766
29,0.7099999785423279,710.5,269.5,220.5,3.5,3.0,0.0,0.0,6.400000095367432,11.720000267028809
182,0.6600000262260437,759.5,318.5,220.5,3.5,4.0,0.10000000149011612,3.0,11.529999732971191,13.59000015258789
172,0.7099999785423279,710.5,269.5,220.5,3.5,2.0,0.10000000149011612,3.0,10.770000457763672,14.140000343322754
511,0.7099999785423279,710.5,269.5,220.5,3.5,5.0,0.25,5.0,12.270000457763672,14.970000267028809
545,0.7900000214576721,637.0,343.0,147.0,7.0,3.0,0.4000000059604645,1.0,42.619998931884766,39.06999969482422
767,0.6200000047683716,808.5,367.5,220.5,3.5,5.0,0.4000000059604645,5.0,16.639999389648438,16.030000686645508
300,0.8199999928474426,612.5,318.5,147.0,7.0,2.0,0.25,1.0,26.84000015258789,30.170000076293945
737,0.7900000214576721,637.0,343.0,147.0,7.0,3.0,0.4000000059604645,5.0,41.959999084472656,37.70000076293945
64,0.7900000214576721,637.0,343.0,147.0,7.0,2.0,0.10000000149011612,1.0,35.560001373291016,41.68000030517578
759,0.6600000262260437,759.5,318.5,220.5,3.5,5.0,0.4000000059604645,5.0,15.15999984741211,18.059999465942383
615,0.6600000262260437,759.5,318.5,220.5,3.5,5.0,0.4000000059604645,2.0,15.300000190734863,18.149999618530273
563,0.6899999976158142,735.0,294.0,220.5,3.5,5.0,0.4000000059604645,1.0,14.420000076293945,17.200000762939453
37,0.6600000262260437,759.5,318.5,220.5,3.5,3.0,0.0,0.0,7.099999904632568,12.229999542236328
290,0.9800000190734863,514.5,294.0,110.25,7.0,4.0,0.25,1.0,28.3700008392334,29.280000686645508
76,0.7099999785423279,710.5,269.5,220.5,3.5,2.0,0.10000000149011612,1.0,10.710000038146973,13.800000190734863
9,0.8600000143051147,588.0,294.0,147.0,7.0,3.0,0.0,0.0,19.950000762939453,21.969999313354492
494,0.8199999928474426,612.5,318.5,147.0,7.0,4.0,0.25,5.0,24.600000381469727,29.309999465942383
357,0.7599999904632568,661.5,416.5,122.5,7.0,3.0,0.25,2.0,36.279998779296875,37.349998474121094
442,0.8600000143051147,588.0,294.0,147.0,7.0,4.0,0.25,4.0,29.079999923706055,33.93000030517578
524,0.6200000047683716,808.5,367.5,220.5,3.5,2.0,0.25,5.0,13.680000305175781,15.1899995803833
558,0.7099999785423279,710.5,269.5,220.5,3.5,4.0,0.4000000059604645,1.0,14.5,17.1200008392334
712,0.6399999856948853,784.0,343.0,220.5,3.5,2.0,0.4000000059604645,4.0,19.059999465942383,21.68000030517578
405,0.7599999904632568,661.5,416.5,122.5,7.0,3.0,0.25,3.0,36.59000015258789,36.439998626708984
312,0.7400000095367432,686.0,245.0,220.5,3.5,2.0,0.25,1.0,12.430000305175781,15.1899995803833
621,0.6200000047683716,808.5,367.5,220.5,3.5,3.0,0.4000000059604645,2.0,17.229999542236328,17.3799991607666
388,0.8999999761581421,563.5,318.5,122.5,7.0,2.0,0.25,3.0,31.6299991607666,36.349998474121094
595,0.7900000214576721,637.0,343.0,147.0,7.0,5.0,0.4000000059604645,2.0,41.91999816894531,48.029998779296875
469,0.6600000262260437,759.5,318.5,220.5,3.5,3.0,0.25,4.0,13.0,15.59000015258789
270,0.7099999785423279,710.5,269.5,220.5,3.5,4.0,0.10000000149011612,5.0,10.670000076293945,14.260000228881836
384,0.9800000190734863,514.5,294.0,110.25,7.0,2.0,0.25,3.0,28.670000076293945,29.43000030517578
598,0.7599999904632568,661.5,416.5,122.5,7.0,4.0,0.4000000059604645,2.0,40.56999969482422,40.470001220703125
625,0.9800000190734863,514.5,294.0,110.25,7.0,3.0,0.4000000059604645,3.0,32.689998626708984,33.2400016784668
616,0.6399999856948853,784.0,343.0,220.5,3.5,2.0,0.4000000059604645,2.0,19.200000762939453,21.719999313354492
168,0.7400000095367432,686.0,245.0,220.5,3.5,2.0,0.10000000149011612,3.0,10.390000343322754,13.600000381469727
585,0.8600000143051147,588.0,294.0,147.0,7.0,3.0,0.4000000059604645,2.0,32.7400016784668,30.530000686645508
676,0.8999999761581421,563.5,318.5,122.5,7.0,2.0,0.4000000059604645,4.0,36.45000076293945,33.97999954223633
354,0.7900000214576721,637.0,343.0,147.0,7.0,4.0,0.25,2.0,39.970001220703125,36.77000045776367
761,0.6399999856948853,784.0,343.0,220.5,3.5,3.0,0.4000000059604645,5.0,18.190000534057617,20.209999084472656
708,0.6600000262260437,759.5,318.5,220.5,3.5,2.0,0.4000000059604645,4.0,15.34000015258789,17.860000610351562
258,0.7900000214576721,637.0,343.0,147.0,7.0,4.0,0.10000000149011612,5.0,36.77000045776367,43.13999938964844
349,0.8199999928474426,612.5,318.5,147.0,7.0,3.0,0.25,2.0,25.979999542236328,26.959999084472656
443,0.8600000143051147,588.0,294.0,147.0,7.0,5.0,0.25,4.0,29.8799991607666,28.309999465942383
335,0.6200000047683716,808.5,367.5,220.5,3.5,5.0,0.25,1.0,15.15999984741211,15.760000228881836
230,0.6600000262260437,759.5,318.5,220.5,3.5,4.0,0.10000000149011612,4.0,11.329999923706055,15.0
367,0.7099999785423279,710.5,269.5,220.5,3.5,5.0,0.25,2.0,12.489999771118164,15.319999694824219
703,0.7099999785423279,710.5,269.5,220.5,3.5,5.0,0.4000000059604645,4.0,14.65999984741211,17.739999771118164
14,0.8199999928474426,612.5,318.5,147.0,7.0,4.0,0.0,0.0,16.950000762939453,21.15999984741211
683,0.8600000143051147,588.0,294.0,147.0,7.0,5.0,0.4000000059604645,4.0,32.75,31.0
180,0.6600000262260437,759.5,318.5,220.5,3.5,2.0,0.10000000149011612,3.0,11.59000015258789,13.460000038146973
267,0.7400000095367432,686.0,245.0,220.5,3.5,5.0,0.10000000149011612,5.0,10.390000343322754,13.5
342,0.8999999761581421,563.5,318.5,122.5,7.0,4.0,0.25,2.0,32.33000183105469,32.77000045776367
457,0.7400000095367432,686.0,245.0,220.5,3.5,3.0,0.25,4.0,12.300000190734863,15.239999771118164
108,0.8199999928474426,612.5,318.5,147.0,7.0,2.0,0.10000000149011612,2.0,23.75,27.3799991607666
235,0.6399999856948853,784.0,343.0,220.5,3.5,5.0,0.10000000149011612,4.0,15.15999984741211,19.479999542236328
424,0.6399999856948853,784.0,343.0,220.5,3.5,2.0,0.25,3.0,16.829999923706055,19.8700008392334
704,0.6899999976158142,735.0,294.0,220.5,3.5,2.0,0.4000000059604645,4.0,14.539999961853027,16.809999465942383
577,0.9800000190734863,514.5,294.0,110.25,7.0,3.0,0.4000000059604645,2.0,32.709999084472656,33.130001068115234
206,0.8199999928474426,612.5,318.5,147.0,7.0,4.0,0.10000000149011612,4.0,23.59000015258789,27.56999969482422
756,0.6600000262260437,759.5,318.5,220.5,3.5,2.0,0.4000000059604645,5.0,14.960000038146973,17.639999389648438
127,0.7099999785423279,710.5,269.5,220.5,3.5,5.0,0.10000000149011612,2.0,10.680000305175781,14.210000038146973
171,0.7400000095367432,686.0,245.0,220.5,3.5,5.0,0.10000000149011612,3.0,10.380000114440918,13.489999771118164
339,0.9800000190734863,514.5,294.0,110.25,7.0,5.0,0.25,2.0,28.600000381469727,30.020000457763672
699,0.7400000095367432,686.0,245.0,220.5,3.5,5.0,0.4000000059604645,4.0,14.4399995803833,17.31999969482422
638,0.8199999928474426,612.5,318.5,147.0,7.0,4.0,0.4000000059604645,3.0,29.469999313354492,29.770000457763672
188,0.6200000047683716,808.5,367.5,220.5,3.5,2.0,0.10000000149011612,3.0,12.680000305175781,14.09000015258789
93,0.6200000047683716,808.5,367.5,220.5,3.5,3.0,0.10000000149011612,1.0,12.970000267028809,14.5
418,0.6899999976158142,735.0,294.0,220.5,3.5,4.0,0.25,3.0,12.3100004196167,15.4399995803833
634,0.8600000143051147,588.0,294.0,147.0,7.0,4.0,0.4000000059604645,3.0,32.04999923706055,30.110000610351562
326,0.6600000262260437,759.5,318.5,220.5,3.5,4.0,0.25,1.0,13.170000076293945,16.389999389648438
170,0.7400000095367432,686.0,245.0,220.5,3.5,4.0,0.10000000149011612,3.0,10.350000381469727,13.649999618530273
406,0.7599999904632568,661.5,416.5,122.5,7.0,4.0,0.25,3.0,35.63999938964844,37.279998779296875
513,0.6899999976158142,735.0,294.0,220.5,3.5,3.0,0.25,5.0,12.119999885559082,14.970000267028809
750,0.7099999785423279,710.5,269.5,220.5,3.5,4.0,0.4000000059604645,5.0,12.760000228881836,15.329999923706055
316,0.7099999785423279,710.5,269.5,220.5,3.5,2.0,0.25,1.0,12.569999694824219,15.420000076293945
688,0.7900000214576721,637.0,343.0,147.0,7.0,2.0,0.4000000059604645,4.0,42.77000045776367,38.33000183105469
560,0.6899999976158142,735.0,294.0,220.5,3.5,2.0,0.4000000059604645,1.0,14.510000228881836,16.5
713,0.6399999856948853,784.0,343.0,220.5,3.5,3.0,0.4000000059604645,4.0,19.1299991607666,21.540000915527344
586,0.8600000143051147,588.0,294.0,147.0,7.0,4.0,0.4000000059604645,2.0,32.130001068115234,32.279998779296875
56,0.8600000143051147,588.0,294.0,147.0,7.0,2.0,0.10000000149011612,1.0,26.280000686645508,30.889999389648438
629,0.8999999761581421,563.5,318.5,122.5,7.0,3.0,0.4000000059604645,3.0,34.95000076293945,35.040000915527344
386,0.9800000190734863,514.5,294.0,110.25,7.0,4.0,0.25,3.0,28.170000076293945,30.100000381469727
158,0.8199999928474426,612.5,318.5,147.0,7.0,4.0,0.10000000149011612,3.0,24.170000076293945,25.350000381469727
348,0.8199999928474426,612.5,318.5,147.0,7.0,2.0,0.25,2.0,25.739999771118164,28.270000457763672
142,0.6200000047683716,808.5,367.5,220.5,3.5,4.0,0.10000000149011612,2.0,12.970000267028809,14.270000457763672
510,0.7099999785423279,710.5,269.5,220.5,3.5,4.0,0.25,5.0,12.25,15.229999542236328
499,0.7900000214576721,637.0,343.0,147.0,7.0,5.0,0.25,5.0,38.650001525878906,43.72999954223633
604,0.7099999785423279,710.5,269.5,220.5,3.5,2.0,0.4000000059604645,2.0,14.699999809265137,16.770000457763672
26,0.7400000095367432,686.0,245.0,220.5,3.5,4.0,0.0,0.0,6.010000228881836,10.9399995803833
276,0.6600000262260437,759.5,318.5,220.5,3.5,2.0,0.10000000149011612,5.0,11.380000114440918,14.539999961853027
591,0.8199999928474426,612.5,318.5,147.0,7.0,5.0,0.4000000059604645,2.0,28.010000228881836,32.91999816894531
21,0.7599999904632568,661.5,416.5,122.5,7.0,3.0,0.0,0.0,23.93000030517578,29.68000030517578
496,0.7900000214576721,637.0,343.0,147.0,7.0,2.0,0.25,5.0,39.88999938964844,37.540000915527344
250,0.8600000143051147,588.0,294.0,147.0,7.0,4.0,0.10000000149011612,5.0,25.360000610351562,32.040000915527344
675,0.9800000190734863,514.5,294.0,110.25,7.0,5.0,0.4000000059604645,4.0,32.7400016784668,33.880001068115234
175,0.7099999785423279,710.5,269.5,220.5,3.5,5.0,0.10000000149011612,3.0,10.699999809265137,13.869999885559082
637,0.8199999928474426,612.5,318.5,147.0,7.0,3.0,0.4000000059604645,3.0,29.670000076293945,30.649999618530273
109,0.8199999928474426,612.5,318.5,147.0,7.0,3.0,0.10000000149011612,2.0,24.229999542236328,25.020000457763672
739,0.7900000214576721,637.0,343.0,147.0,7.0,5.0,0.4000000059604645,5.0,40.790000915527344,44.869998931884766
589,0.8199999928474426,612.5,318.5,147.0,7.0,3.0,0.4000000059604645,2.0,29.489999771118164,27.93000030517578
600,0.7400000095367432,686.0,245.0,220.5,3.5,2.0,0.4000000059604645,2.0,14.539999961853027,16.43000030517578
569,0.6399999856948853,784.0,343.0,220.5,3.5,3.0,0.4000000059604645,1.0,19.360000610351562,22.729999542236328
716,0.6200000047683716,808.5,367.5,220.5,3.5,2.0,0.4000000059604645,4.0,16.440000534057617,17.100000381469727
17,0.7900000214576721,637.0,343.0,147.0,7.0,3.0,0.0,0.0,29.899999618530273,31.270000457763672
104,0.8600000143051147,588.0,294.0,147.0,7.0,2.0,0.10000000149011612,2.0,26.479999542236328,30.90999984741211
717,0.6200000047683716,808.5,367.5,220.5,3.5,3.0,0.4000000059604645,4.0,16.899999618530273,16.790000915527344
102,0.8999999761581421,563.5,318.5,122.5,7.0,4.0,0.10000000149011612,2.0,28.829999923706055,29.360000610351562
305,0.7900000214576721,637.0,343.0,147.0,7.0,3.0,0.25,1.0,40.029998779296875,37.810001373291016
106,0.8600000143051147,588.0,294.0,147.0,7.0,4.0,0.10000000149011612,2.0,26.329999923706055,27.360000610351562
687,0.8199999928474426,612.5,318.5,147.0,7.0,5.0,0.4000000059604645,4.0,29.520000457763672,28.43000030517578
35,0.6899999976158142,735.0,294.0,220.5,3.5,5.0,0.0,0.0,6.809999942779541,11.930000305175781
482,0.9800000190734863,514.5,294.0,110.25,7.0,4.0,0.25,5.0,28.149999618530273,30.0
735,0.8199999928474426,612.5,318.5,147.0,7.0,5.0,0.4000000059604645,5.0,29.920000076293945,32.540000915527344
147,0.9800000190734863,514.5,294.0,110.25,7.0,5.0,0.10000000149011612,3.0,24.350000381469727,26.139999389648438
284,0.6200000047683716,808.5,367.5,220.5,3.5,2.0,0.10000000149011612,5.0,12.59000015258789,14.239999771118164
191,0.6200000047683716,808.5,367.5,220.5,3.5,5.0,0.10000000149011612,3.0,12.729999542236328,13.890000343322754
303,0.8199999928474426,612.5,318.5,147.0,7.0,5.0,0.25,1.0,26.190000534057617,31.389999389648438
435,0.9800000190734863,514.5,294.0,110.25,7.0,5.0,0.25,4.0,28.6200008392334,30.1200008392334
329,0.6399999856948853,784.0,343.0,220.5,3.5,3.0,0.25,1.0,17.350000381469727,21.190000534057617
272,0.6899999976158142,735.0,294.0,220.5,3.5,2.0,0.10000000149011612,5.0,11.210000038146973,14.550000190734863
31,0.7099999785423279,710.5,269.5,220.5,3.5,5.0,0.0,0.0,6.400000095367432,11.670000076293945
531,0.9800000190734863,514.5,294.0,110.25,7.0,5.0,0.4000000059604645,1.0,32.529998779296875,33.040000915527344
166,0.7599999904632568,661.5,416.5,122.5,7.0,4.0,0.10000000149011612,3.0,32.33000183105469,34.47999954223633
614,0.6600000262260437,759.5,318.5,220.5,3.5,4.0,0.4000000059604645,2.0,15.09000015258789,18.360000610351562
48,0.9800000190734863,514.5,294.0,110.25,7.0,2.0,0.10000000149011612,1.0,24.579999923706055,26.469999313354492
101,0.8999999761581421,563.5,318.5,122.5,7.0,3.0,0.10000000149011612,2.0,29.68000030517578,29.440000534057617
299,0.8600000143051147,588.0,294.0,147.0,7.0,5.0,0.25,1.0,28.65999984741211,34.72999954223633
480,0.9800000190734863,514.5,294.0,110.25,7.0,2.0,0.25,5.0,28.690000534057617,29.530000686645508
470,0.6600000262260437,759.5,318.5,220.5,3.5,4.0,0.25,4.0,12.859999656677246,16.170000076293945
647,0.7599999904632568,661.5,416.5,122.5,7.0,5.0,0.4000000059604645,3.0,39.68000030517578,40.099998474121094
401,0.7900000214576721,637.0,343.0,147.0,7.0,3.0,0.25,3.0,38.349998474121094,43.65999984741211
364,0.7099999785423279,710.5,269.5,220.5,3.5,2.0,0.25,2.0,12.329999923706055,14.90999984741211
292,0.8999999761581421,563.5,318.5,122.5,7.0,2.0,0.25,1.0,32.68000030517578,36.119998931884766
601,0.7400000095367432,686.0,245.0,220.5,3.5,3.0,0.4000000059604645,2.0,14.449999809265137,16.93000030517578
92,0.6200000047683716,808.5,367.5,220.5,3.5,2.0,0.10000000149011612,1.0,12.960000038146973,14.34000015258789
542,0.8199999928474426,612.5,318.5,147.0,7.0,4.0,0.4000000059604645,1.0,29.530000686645508,28.989999771118164
644,0.7599999904632568,661.5,416.5,122.5,7.0,2.0,0.4000000059604645,3.0,39.31999969482422,38.16999816894531
430,0.6200000047683716,808.5,367.5,220.5,3.5,4.0,0.25,3.0,13.949999809265137,14.890000343322754
581,0.8999999761581421,563.5,318.5,122.5,7.0,3.0,0.4000000059604645,2.0,36.56999969482422,35.38999938964844
163,0.7900000214576721,637.0,343.0,147.0,7.0,5.0,0.10000000149011612,3.0,36.70000076293945,34.290000915527344
709,0.6600000262260437,759.5,318.5,220.5,3.5,3.0,0.4000000059604645,4.0,15.289999961853027,17.81999969482422
62,0.8199999928474426,612.5,318.5,147.0,7.0,4.0,0.10000000149011612,1.0,23.540000915527344,24.610000610351562
573,0.6200000047683716,808.5,367.5,220.5,3.5,3.0,0.4000000059604645,1.0,17.170000076293945,17.209999084472656
487,0.8999999761581421,563.5,318.5,122.5,7.0,5.0,0.25,5.0,32.459999084472656,35.619998931884766
124,0.7099999785423279,710.5,269.5,220.5,3.5,2.0,0.10000000149011612,2.0,10.640000343322754,13.670000076293945
568,0.6399999856948853,784.0,343.0,220.5,3.5,2.0,0.4000000059604645,1.0,19.520000457763672,22.719999313354492
318,0.7099999785423279,710.5,269.5,220.5,3.5,4.0,0.25,1.0,12.569999694824219,15.4399995803833
138,0.6399999856948853,784.0,343.0,220.5,3.5,4.0,0.10000000149011612,2.0,15.34000015258789,19.31999969482422
24,0.7400000095367432,686.0,245.0,220.5,3.5,2.0,0.0,0.0,6.070000171661377,10.899999618530273
710,0.6600000262260437,759.5,318.5,220.5,3.5,4.0,0.4000000059604645,4.0,15.09000015258789,18.360000610351562
32,0.6899999976158142,735.0,294.0,220.5,3.5,2.0,0.0,0.0,6.849999904632568,11.739999771118164
164,0.7599999904632568,661.5,416.5,122.5,7.0,2.0,0.10000000149011612,3.0,32.52000045776367,33.849998474121094
41,0.6399999856948853,784.0,343.0,220.5,3.5,3.0,0.0,0.0,10.539999961853027,16.799999237060547
559,0.7099999785423279,710.5,269.5,220.5,3.5,5.0,0.4000000059604645,1.0,14.579999923706055,17.469999313354492
478,0.6200000047683716,808.5,367.5,220.5,3.5,4.0,0.25,4.0,14.609999656677246,15.069999694824219
587,0.8600000143051147,588.0,294.0,147.0,7.0,5.0,0.4000000059604645,2.0,31.639999389648438,36.86000061035156
246,0.8999999761581421,563.5,318.5,122.5,7.0,4.0,0.10000000149011612,5.0,28.030000686645508,34.45000076293945
479,0.6200000047683716,808.5,367.5,220.5,3.5,5.0,0.25,4.0,14.649999618530273,15.380000114440918
694,0.7599999904632568,661.5,416.5,122.5,7.0,4.0,0.4000000059604645,4.0,40.599998474121094,39.849998474121094
565,0.6600000262260437,759.5,318.5,220.5,3.5,3.0,0.4000000059604645,1.0,15.229999542236328,18.030000686645508
516,0.6600000262260437,759.5,318.5,220.5,3.5,2.0,0.25,5.0,12.930000305175781,15.829999923706055
635,0.8600000143051147,588.0,294.0,147.0,7.0,5.0,0.4000000059604645,3.0,31.84000015258789,31.600000381469727
643,0.7900000214576721,637.0,343.0,147.0,7.0,5.0,0.4000000059604645,3.0,42.08000183105469,38.22999954223633
543,0.8199999928474426,612.5,318.5,147.0,7.0,5.0,0.4000000059604645,1.0,28.649999618530273,33.540000915527344
362,0.7400000095367432,686.0,245.0,220.5,3.5,4.0,0.25,2.0,12.15999984741211,15.180000305175781
65,0.7900000214576721,637.0,343.0,147.0,7.0,3.0,0.10000000149011612,1.0,37.119998931884766,35.279998779296875
765,0.6200000047683716,808.5,367.5,220.5,3.5,3.0,0.4000000059604645,5.0,16.440000534057617,17.110000610351562
653,0.7099999785423279,710.5,269.5,220.5,3.5,3.0,0.4000000059604645,3.0,14.029999732971191,15.470000267028809
481,0.9800000190734863,514.5,294.0,110.25,7.0,3.0,0.25,5.0,28.579999923706055,29.770000457763672
714,0.6399999856948853,784.0,343.0,220.5,3.5,4.0,0.4000000059604645,4.0,19.0,22.25
154,0.8600000143051147,588.0,294.0,147.0,7.0,4.0,0.10000000149011612,3.0,26.889999389648438,25.899999618530273
304,0.7900000214576721,637.0,343.0,147.0,7.0,2.0,0.25,1.0,38.66999816894531,43.79999923706055
451,0.7900000214576721,637.0,343.0,147.0,7.0,5.0,0.25,4.0,40.119998931884766,37.2599983215332
393,0.8600000143051147,588.0,294.0,147.0,7.0,3.0,0.25,3.0,29.399999618530273,32.93000030517578
582,0.8999999761581421,563.5,318.5,122.5,7.0,4.0,0.4000000059604645,2.0,36.060001373291016,34.939998626708984
371,0.6899999976158142,735.0,294.0,220.5,3.5,5.0,0.25,2.0,12.949999809265137,15.989999771118164
561,0.6899999976158142,735.0,294.0,220.5,3.5,3.0,0.4000000059604645,1.0,14.699999809265137,17.0
448,0.7900000214576721,637.0,343.0,147.0,7.0,2.0,0.25,4.0,40.0,36.2599983215332
672,0.9800000190734863,514.5,294.0,110.25,7.0,2.0,0.4000000059604645,4.0,32.849998474121094,32.95000076293945
97,0.9800000190734863,514.5,294.0,110.25,7.0,3.0,0.10000000149011612,2.0,24.309999465942383,25.6299991607666
165,0.7599999904632568,661.5,416.5,122.5,7.0,3.0,0.10000000149011612,3.0,33.279998779296875,34.11000061035156
576,0.9800000190734863,514.5,294.0,110.25,7.0,2.0,0.4000000059604645,2.0,32.81999969482422,32.959999084472656
562,0.6899999976158142,735.0,294.0,220.5,3.5,4.0,0.4000000059604645,1.0,14.420000076293945,16.8700008392334
301,0.8199999928474426,612.5,318.5,147.0,7.0,3.0,0.25,1.0,27.270000457763672,27.84000015258789
656,0.6899999976158142,735.0,294.0,220.5,3.5,2.0,0.4000000059604645,3.0,14.319999694824219,16.350000381469727
192,0.9800000190734863,514.5,294.0,110.25,7.0,2.0,0.10000000149011612,4.0,24.3799991607666,25.90999984741211
159,0.8199999928474426,612.5,318.5,147.0,7.0,5.0,0.10000000149011612,3.0,23.8700008392334,24.93000030517578
574,0.6200000047683716,808.5,367.5,220.5,3.5,4.0,0.4000000059604645,1.0,17.139999389648438,17.149999618530273
285,0.6200000047683716,808.5,367.5,220.5,3.5,3.0,0.10000000149011612,5.0,12.739999771118164,13.970000267028809
431,0.6200000047683716,808.5,367.5,220.5,3.5,5.0,0.25,3.0,13.989999771118164,14.350000381469727
517,0.6600000262260437,759.5,318.5,220.5,3.5,3.0,0.25,5.0,12.819999694824219,16.030000686645508
278,0.6600000262260437,759.5,318.5,220.5,3.5,4.0,0.10000000149011612,5.0,11.220000267028809,14.649999618530273
680,0.8600000143051147,588.0,294.0,147.0,7.0,2.0,0.4000000059604645,4.0,32.380001068115234,31.530000686645508
762,0.6399999856948853,784.0,343.0,220.5,3.5,4.0,0.4000000059604645,5.0,18.15999984741211,20.709999084472656
325,0.6600000262260437,759.5,318.5,220.5,3.5,3.0,0.25,1.0,13.180000305175781,16.270000457763672
715,0.6399999856948853,784.0,343.0,220.5,3.5,5.0,0.4000000059604645,4.0,18.84000015258789,22.489999771118164
540,0.8199999928474426,612.5,318.5,147.0,7.0,2.0,0.4000000059604645,1.0,29.219999313354492,31.709999084472656
133,0.6600000262260437,759.5,318.5,220.5,3.5,3.0,0.10000000149011612,2.0,11.420000076293945,14.75
450,0.7900000214576721,637.0,343.0,147.0,7.0,4.0,0.25,4.0,38.33000183105469,44.15999984741211
734,0.8199999928474426,612.5,318.5,147.0,7.0,4.0,0.4000000059604645,5.0,29.059999465942383,33.84000015258789
196,0.8999999761581421,563.5,318.5,122.5,7.0,2.0,0.10000000149011612,4.0,29.059999465942383,29.34000015258789
136,0.6399999856948853,784.0,343.0,220.5,3.5,2.0,0.10000000149011612,2.0,15.40999984741211,19.229999542236328
239,0.6200000047683716,808.5,367.5,220.5,3.5,5.0,0.10000000149011612,4.0,13.0,14.470000267028809
489,0.8600000143051147,588.0,294.0,147.0,7.0,3.0,0.25,5.0,29.09000015258789,29.43000030517578
353,0.7900000214576721,637.0,343.0,147.0,7.0,3.0,0.25,2.0,40.189998626708984,37.40999984741211
25,0.7400000095367432,686.0,245.0,220.5,3.5,3.0,0.0,0.0,6.050000190734863,11.1899995803833
181,0.6600000262260437,759.5,318.5,220.5,3.5,3.0,0.10000000149011612,3.0,11.600000381469727,13.699999809265137
66,0.7900000214576721,637.0,343.0,147.0,7.0,4.0,0.10000000149011612,1.0,36.900001525878906,34.43000030517578
321,0.6899999976158142,735.0,294.0,220.5,3.5,3.0,0.25,1.0,12.930000305175781,15.630000114440918
34,0.6899999976158142,735.0,294.0,220.5,3.5,4.0,0.0,0.0,6.769999980926514,11.729999542236328
596,0.7599999904632568,661.5,416.5,122.5,7.0,2.0,0.4000000059604645,2.0,40.779998779296875,39.47999954223633
87,0.6600000262260437,759.5,318.5,220.5,3.5,5.0,0.10000000149011612,1.0,11.6899995803833,13.649999618530273
202,0.8600000143051147,588.0,294.0,147.0,7.0,4.0,0.10000000149011612,4.0,26.329999923706055,31.059999465942383
722,0.9800000190734863,514.5,294.0,110.25,7.0,4.0,0.4000000059604645,5.0,32.209999084472656,33.7599983215332
395,0.8600000143051147,588.0,294.0,147.0,7.0,5.0,0.25,3.0,29.06999969482422,29.81999969482422
426,0.6399999856948853,784.0,343.0,220.5,3.5,4.0,0.25,3.0,16.65999984741211,20.459999084472656
673,0.9800000190734863,514.5,294.0,110.25,7.0,3.0,0.4000000059604645,4.0,32.66999816894531,33.060001373291016
747,0.7400000095367432,686.0,245.0,220.5,3.5,5.0,0.4000000059604645,5.0,14.390000343322754,16.700000762939453
399,0.8199999928474426,612.5,318.5,147.0,7.0,5.0,0.25,3.0,25.170000076293945,26.40999984741211
70,0.7599999904632568,661.5,416.5,122.5,7.0,4.0,0.10000000149011612,1.0,32.939998626708984,34.13999938964844
700,0.7099999785423279,710.5,269.5,220.5,3.5,2.0,0.4000000059604645,4.0,14.600000381469727,16.850000381469727
760,0.6399999856948853,784.0,343.0,220.5,3.5,2.0,0.4000000059604645,5.0,17.690000534057617,20.81999969482422
628,0.8999999761581421,563.5,318.5,122.5,7.0,2.0,0.4000000059604645,3.0,34.2400016784668,37.2599983215332
498,0.7900000214576721,637.0,343.0,147.0,7.0,4.0,0.25,5.0,39.0099983215332,45.279998779296875
536,0.8600000143051147,588.0,294.0,147.0,7.0,2.0,0.4000000059604645,1.0,31.889999389648438,35.9900016784668
12,0.8199999928474426,612.5,318.5,147.0,7.0,2.0,0.0,0.0,17.049999237060547,23.770000457763672
90,0.6399999856948853,784.0,343.0,220.5,3.5,4.0,0.10000000149011612,1.0,15.420000076293945,19.34000015258789
736,0.7900000214576721,637.0,343.0,147.0,7.0,2.0,0.4000000059604645,5.0,42.11000061035156,38.560001373291016
428,0.6200000047683716,808.5,367.5,220.5,3.5,2.0,0.25,3.0,13.90999984741211,14.890000343322754
77,0.7099999785423279,710.5,269.5,220.5,3.5,3.0,0.10000000149011612,1.0,10.800000190734863,14.279999732971191
425,0.6399999856948853,784.0,343.0,220.5,3.5,3.0,0.25,3.0,16.93000030517578,20.030000686645508
294,0.8999999761581421,563.5,318.5,122.5,7.0,4.0,0.25,1.0,32.84000015258789,32.709999084472656
564,0.6600000262260437,759.5,318.5,220.5,3.5,2.0,0.4000000059604645,1.0,15.229999542236328,18.139999389648438
685,0.8199999928474426,612.5,318.5,147.0,7.0,3.0,0.4000000059604645,4.0,28.049999237060547,32.349998474121094
350,0.8199999928474426,612.5,318.5,147.0,7.0,4.0,0.25,2.0,25.3799991607666,26.719999313354492
383,0.6200000047683716,808.5,367.5,220.5,3.5,5.0,0.25,2.0,14.600000381469727,15.300000190734863
692,0.7599999904632568,661.5,416.5,122.5,7.0,2.0,0.4000000059604645,4.0,40.68000030517578,40.36000061035156
526,0.6200000047683716,808.5,367.5,220.5,3.5,4.0,0.25,5.0,14.15999984741211,14.609999656677246
162,0.7900000214576721,637.0,343.0,147.0,7.0,4.0,0.10000000149011612,3.0,36.970001220703125,35.099998474121094
474,0.6399999856948853,784.0,343.0,220.5,3.5,4.0,0.25,4.0,16.559999465942383,20.3700008392334
422,0.6600000262260437,759.5,318.5,220.5,3.5,4.0,0.25,3.0,12.739999771118164,16.139999389648438
681,0.8600000143051147,588.0,294.0,147.0,7.0,3.0,0.4000000059604645,4.0,31.65999984741211,36.20000076293945
763,0.6399999856948853,784.0,343.0,220.5,3.5,5.0,0.4000000059604645,5.0,17.8799991607666,21.399999618530273
238,0.6200000047683716,808.5,367.5,220.5,3.5,4.0,0.10000000149011612,4.0,13.0,14.279999732971191
3,0.9800000190734863,514.5,294.0,110.25,7.0,5.0,0.0,0.0,15.550000190734863,21.329999923706055
161,0.7900000214576721,637.0,343.0,147.0,7.0,3.0,0.10000000149011612,3.0,35.47999954223633,41.220001220703125
275,0.6899999976158142,735.0,294.0,220.5,3.5,5.0,0.10000000149011612,5.0,11.15999984741211,14.390000343322754
641,0.7900000214576721,637.0,343.0,147.0,7.0,3.0,0.4000000059604645,3.0,41.29999923706055,44.18000030517578
309,0.7599999904632568,661.5,416.5,122.5,7.0,3.0,0.25,1.0,36.130001068115234,37.58000183105469
232,0.6399999856948853,784.0,343.0,220.5,3.5,2.0,0.10000000149011612,4.0,15.399999618530273,19.239999771118164
103,0.8999999761581421,563.5,318.5,122.5,7.0,5.0,0.10000000149011612,2.0,27.899999618530273,34.20000076293945
